"Time","Apps - Memory used by user-space applications","PageTables - Memory used to map between virtual and physical memory addresses","SwapCache - Memory that keeps track of pages that have been fetched from swap but not yet been modified","Slab - Memory used by the kernel to cache data structures for its own use (caches like inode, dentry, etc)","Cache - Parked file data (file content) cache","Buffers - Block device (e.g. harddisk) cache","Unused - Free memory unassigned","Swap - Swap space used","Hardware Corrupted - Amount of RAM that the kernel identified as corrupted / not working"
2026-06-04 15:40:30,2.53 GiB,24.8 MiB,0 B,412 MiB,2.84 GiB,331 MiB,1.30 GiB,0 B,0 B
2026-06-04 15:41:00,2.75 GiB,26.1 MiB,0 B,418 MiB,2.89 GiB,333 MiB,1.03 GiB,0 B,0 B
2026-06-04 15:41:30,2.78 GiB,25.8 MiB,0 B,419 MiB,2.89 GiB,333 MiB,1.00 GiB,0 B,0 B
2026-06-04 15:42:00,2.81 GiB,26.0 MiB,0 B,420 MiB,2.89 GiB,334 MiB,994 MiB,0 B,0 B
2026-06-04 15:42:30,2.83 GiB,26.1 MiB,0 B,420 MiB,2.89 GiB,334 MiB,969 MiB,0 B,0 B
2026-06-04 15:43:00,2.83 GiB,26.1 MiB,0 B,420 MiB,2.89 GiB,334 MiB,969 MiB,0 B,0 B
2026-06-04 15:43:30,2.83 GiB,26.2 MiB,0 B,420 MiB,2.89 GiB,334 MiB,964 MiB,0 B,0 B
2026-06-04 15:44:00,2.96 GiB,26.2 MiB,0 B,420 MiB,2.89 GiB,334 MiB,833 MiB,0 B,0 B
2026-06-04 15:44:30,2.94 GiB,26.2 MiB,0 B,421 MiB,2.89 GiB,334 MiB,845 MiB,0 B,0 B
2026-06-04 15:45:00,2.97 GiB,26.5 MiB,0 B,421 MiB,2.90 GiB,335 MiB,815 MiB,0 B,0 B
2026-06-04 15:45:30,2.99 GiB,26.6 MiB,0 B,421 MiB,2.90 GiB,335 MiB,796 MiB,0 B,0 B
2026-06-04 15:46:00,2.99 GiB,26.8 MiB,0 B,421 MiB,2.90 GiB,335 MiB,794 MiB,0 B,0 B
2026-06-04 15:46:30,3.02 GiB,26.4 MiB,0 B,422 MiB,2.90 GiB,336 MiB,762 MiB,0 B,0 B
2026-06-04 15:47:00,2.87 GiB,26.5 MiB,0 B,422 MiB,2.90 GiB,336 MiB,906 MiB,0 B,0 B
2026-06-04 15:47:30,2.95 GiB,26.5 MiB,0 B,422 MiB,2.90 GiB,336 MiB,830 MiB,0 B,0 B
2026-06-04 15:48:00,2.96 GiB,26.9 MiB,0 B,422 MiB,2.90 GiB,336 MiB,818 MiB,0 B,0 B
2026-06-04 15:48:30,2.96 GiB,26.6 MiB,0 B,422 MiB,2.90 GiB,336 MiB,818 MiB,0 B,0 B
2026-06-04 15:49:00,2.98 GiB,26.5 MiB,0 B,422 MiB,2.91 GiB,336 MiB,796 MiB,0 B,0 B
2026-06-04 15:49:30,2.95 GiB,26.6 MiB,0 B,422 MiB,2.91 GiB,336 MiB,825 MiB,0 B,0 B
2026-06-04 15:50:00,2.96 GiB,26.5 MiB,0 B,422 MiB,2.91 GiB,337 MiB,813 MiB,0 B,0 B
2026-06-04 15:50:30,2.95 GiB,26.5 MiB,0 B,422 MiB,2.91 GiB,337 MiB,825 MiB,0 B,0 B
2026-06-04 15:51:00,2.91 GiB,26.6 MiB,0 B,422 MiB,2.91 GiB,337 MiB,867 MiB,0 B,0 B
2026-06-04 15:51:30,2.83 GiB,26.6 MiB,0 B,423 MiB,2.91 GiB,337 MiB,938 MiB,0 B,0 B
2026-06-04 15:52:00,2.82 GiB,26.8 MiB,0 B,423 MiB,2.91 GiB,337 MiB,954 MiB,0 B,0 B
2026-06-04 15:52:30,2.81 GiB,26.6 MiB,0 B,423 MiB,2.91 GiB,338 MiB,966 MiB,0 B,0 B
2026-06-04 15:53:00,2.81 GiB,26.6 MiB,0 B,423 MiB,2.91 GiB,338 MiB,965 MiB,0 B,0 B
2026-06-04 15:53:30,2.73 GiB,26.6 MiB,0 B,423 MiB,2.91 GiB,338 MiB,1.02 GiB,0 B,0 B
2026-06-04 15:54:00,2.73 GiB,26.6 MiB,0 B,423 MiB,2.91 GiB,338 MiB,1.02 GiB,0 B,0 B
2026-06-04 15:54:30,2.73 GiB,26.7 MiB,0 B,423 MiB,2.91 GiB,338 MiB,1.02 GiB,0 B,0 B
2026-06-04 15:55:00,2.78 GiB,26.8 MiB,0 B,423 MiB,2.91 GiB,338 MiB,987 MiB,0 B,0 B
2026-06-04 15:55:30,2.77 GiB,26.7 MiB,0 B,423 MiB,2.91 GiB,338 MiB,993 MiB,0 B,0 B
2026-06-04 15:56:00,2.77 GiB,26.7 MiB,0 B,423 MiB,2.91 GiB,339 MiB,992 MiB,0 B,0 B
2026-06-04 15:56:30,2.78 GiB,26.7 MiB,0 B,424 MiB,2.91 GiB,339 MiB,986 MiB,0 B,0 B
2026-06-04 15:57:00,2.69 GiB,26.7 MiB,0 B,424 MiB,2.91 GiB,339 MiB,1.05 GiB,0 B,0 B
2026-06-04 15:57:30,2.69 GiB,26.8 MiB,0 B,424 MiB,2.91 GiB,339 MiB,1.05 GiB,0 B,0 B
2026-06-04 15:58:00,2.69 GiB,26.8 MiB,0 B,424 MiB,2.92 GiB,339 MiB,1.05 GiB,0 B,0 B
2026-06-04 15:58:30,2.70 GiB,26.9 MiB,0 B,424 MiB,2.92 GiB,339 MiB,1.04 GiB,0 B,0 B
2026-06-04 15:59:00,2.70 GiB,26.8 MiB,0 B,424 MiB,2.92 GiB,339 MiB,1.04 GiB,0 B,0 B
2026-06-04 15:59:30,2.70 GiB,26.9 MiB,0 B,424 MiB,2.92 GiB,340 MiB,1.04 GiB,0 B,0 B
2026-06-04 16:00:00,2.72 GiB,26.8 MiB,0 B,424 MiB,2.92 GiB,340 MiB,1.01 GiB,0 B,0 B
2026-06-04 16:00:30,2.72 GiB,26.9 MiB,0 B,424 MiB,2.92 GiB,340 MiB,1.01 GiB,0 B,0 B
2026-06-04 16:01:00,2.73 GiB,27.0 MiB,0 B,424 MiB,2.92 GiB,340 MiB,1.01 GiB,0 B,0 B
2026-06-04 16:01:30,2.73 GiB,26.9 MiB,0 B,424 MiB,2.92 GiB,340 MiB,1.00 GiB,0 B,0 B
2026-06-04 16:02:00,2.73 GiB,26.8 MiB,0 B,425 MiB,2.92 GiB,341 MiB,1022 MiB,0 B,0 B
2026-06-04 16:02:30,2.74 GiB,26.8 MiB,0 B,425 MiB,2.92 GiB,341 MiB,1015 MiB,0 B,0 B
2026-06-04 16:03:00,2.77 GiB,27.2 MiB,0 B,425 MiB,2.93 GiB,341 MiB,980 MiB,0 B,0 B
2026-06-04 16:03:30,2.77 GiB,26.8 MiB,0 B,425 MiB,2.93 GiB,342 MiB,978 MiB,0 B,0 B
2026-06-04 16:04:00,2.77 GiB,27.0 MiB,0 B,425 MiB,2.93 GiB,342 MiB,979 MiB,0 B,0 B
2026-06-04 16:04:30,2.75 GiB,26.8 MiB,0 B,425 MiB,2.93 GiB,342 MiB,1000 MiB,0 B,0 B
2026-06-04 16:05:00,2.75 GiB,26.8 MiB,0 B,425 MiB,2.93 GiB,342 MiB,994 MiB,0 B,0 B
2026-06-04 16:05:30,2.75 GiB,26.8 MiB,0 B,425 MiB,2.93 GiB,342 MiB,993 MiB,0 B,0 B
2026-06-04 16:06:00,2.75 GiB,26.9 MiB,0 B,426 MiB,2.93 GiB,342 MiB,994 MiB,0 B,0 B
2026-06-04 16:06:30,2.75 GiB,26.9 MiB,0 B,426 MiB,2.93 GiB,343 MiB,991 MiB,0 B,0 B
2026-06-04 16:07:00,2.75 GiB,27.0 MiB,0 B,426 MiB,2.93 GiB,343 MiB,994 MiB,0 B,0 B
2026-06-04 16:07:30,2.75 GiB,26.9 MiB,0 B,426 MiB,2.93 GiB,343 MiB,993 MiB,0 B,0 B
2026-06-04 16:08:00,2.74 GiB,26.9 MiB,0 B,426 MiB,2.93 GiB,343 MiB,998 MiB,0 B,0 B
2026-06-04 16:08:30,2.74 GiB,26.8 MiB,0 B,426 MiB,2.93 GiB,343 MiB,998 MiB,0 B,0 B
2026-06-04 16:09:00,2.75 GiB,26.9 MiB,0 B,426 MiB,2.93 GiB,343 MiB,992 MiB,0 B,0 B
2026-06-04 16:09:30,2.69 GiB,26.9 MiB,0 B,426 MiB,2.93 GiB,343 MiB,1.03 GiB,0 B,0 B
2026-06-04 16:10:00,2.73 GiB,26.9 MiB,0 B,427 MiB,2.93 GiB,344 MiB,1013 MiB,0 B,0 B
2026-06-04 16:10:30,2.74 GiB,26.9 MiB,0 B,427 MiB,2.93 GiB,344 MiB,1001 MiB,0 B,0 B
2026-06-04 16:11:00,2.73 GiB,26.9 MiB,0 B,427 MiB,2.93 GiB,344 MiB,1003 MiB,0 B,0 B
2026-06-04 16:11:30,2.74 GiB,26.9 MiB,0 B,427 MiB,2.94 GiB,344 MiB,996 MiB,0 B,0 B
2026-06-04 16:12:00,2.74 GiB,26.9 MiB,0 B,427 MiB,2.94 GiB,344 MiB,993 MiB,0 B,0 B
2026-06-04 16:12:30,2.74 GiB,27.0 MiB,0 B,427 MiB,2.94 GiB,344 MiB,994 MiB,0 B,0 B
2026-06-04 16:13:00,2.75 GiB,26.9 MiB,0 B,427 MiB,2.94 GiB,345 MiB,985 MiB,0 B,0 B
2026-06-04 16:13:30,2.75 GiB,26.9 MiB,0 B,427 MiB,2.94 GiB,345 MiB,983 MiB,0 B,0 B
2026-06-04 16:14:00,2.75 GiB,26.9 MiB,0 B,427 MiB,2.94 GiB,345 MiB,983 MiB,0 B,0 B
2026-06-04 16:14:30,2.75 GiB,26.9 MiB,0 B,427 MiB,2.94 GiB,345 MiB,976 MiB,0 B,0 B
2026-06-04 16:15:00,2.75 GiB,26.9 MiB,0 B,427 MiB,2.94 GiB,345 MiB,981 MiB,0 B,0 B
2026-06-04 16:15:30,2.76 GiB,26.9 MiB,0 B,427 MiB,2.94 GiB,345 MiB,973 MiB,0 B,0 B
2026-06-04 16:16:00,2.75 GiB,26.9 MiB,0 B,428 MiB,2.94 GiB,345 MiB,983 MiB,0 B,0 B
2026-06-04 16:16:30,2.76 GiB,26.9 MiB,0 B,428 MiB,2.94 GiB,346 MiB,970 MiB,0 B,0 B
2026-06-04 16:17:00,2.76 GiB,26.8 MiB,0 B,428 MiB,2.94 GiB,346 MiB,968 MiB,0 B,0 B
2026-06-04 16:17:30,2.77 GiB,27.0 MiB,0 B,428 MiB,2.94 GiB,346 MiB,959 MiB,0 B,0 B
2026-06-04 16:18:00,2.74 GiB,27.0 MiB,0 B,428 MiB,2.94 GiB,346 MiB,988 MiB,0 B,0 B
2026-06-04 16:18:30,2.74 GiB,26.9 MiB,0 B,428 MiB,2.94 GiB,346 MiB,981 MiB,0 B,0 B
2026-06-04 16:19:00,2.75 GiB,26.8 MiB,0 B,428 MiB,2.94 GiB,346 MiB,974 MiB,0 B,0 B
2026-06-04 16:19:30,2.76 GiB,26.9 MiB,0 B,428 MiB,2.94 GiB,347 MiB,960 MiB,0 B,0 B
2026-06-04 16:20:00,2.79 GiB,26.9 MiB,0 B,429 MiB,2.95 GiB,347 MiB,930 MiB,0 B,0 B
2026-06-04 16:20:30,2.78 GiB,27.0 MiB,0 B,429 MiB,2.95 GiB,348 MiB,935 MiB,0 B,0 B
2026-06-04 16:21:00,2.79 GiB,26.9 MiB,0 B,429 MiB,2.95 GiB,348 MiB,931 MiB,0 B,0 B
2026-06-04 16:21:30,2.79 GiB,27.1 MiB,0 B,429 MiB,2.95 GiB,348 MiB,922 MiB,0 B,0 B
2026-06-04 16:22:00,2.77 GiB,27.1 MiB,0 B,429 MiB,2.95 GiB,348 MiB,941 MiB,0 B,0 B
2026-06-04 16:22:30,2.74 GiB,26.9 MiB,0 B,429 MiB,2.95 GiB,348 MiB,974 MiB,0 B,0 B
2026-06-04 16:23:00,2.73 GiB,26.9 MiB,0 B,429 MiB,2.95 GiB,348 MiB,981 MiB,0 B,0 B
2026-06-04 16:23:30,2.74 GiB,27.0 MiB,0 B,429 MiB,2.95 GiB,348 MiB,971 MiB,0 B,0 B
2026-06-04 16:24:00,2.73 GiB,26.8 MiB,0 B,429 MiB,2.95 GiB,349 MiB,982 MiB,0 B,0 B
2026-06-04 16:24:30,2.74 GiB,26.9 MiB,0 B,430 MiB,2.95 GiB,349 MiB,971 MiB,0 B,0 B
2026-06-04 16:25:00,2.79 GiB,26.9 MiB,0 B,430 MiB,2.95 GiB,349 MiB,923 MiB,0 B,0 B
2026-06-04 16:25:30,2.79 GiB,27.0 MiB,0 B,430 MiB,2.95 GiB,349 MiB,916 MiB,0 B,0 B
2026-06-04 16:26:00,2.79 GiB,26.8 MiB,0 B,430 MiB,2.95 GiB,349 MiB,924 MiB,0 B,0 B
2026-06-04 16:26:30,2.79 GiB,27.0 MiB,0 B,430 MiB,2.95 GiB,349 MiB,918 MiB,0 B,0 B
2026-06-04 16:27:00,2.79 GiB,27.0 MiB,0 B,430 MiB,2.95 GiB,349 MiB,922 MiB,0 B,0 B
2026-06-04 16:27:30,2.79 GiB,27.0 MiB,0 B,430 MiB,2.95 GiB,350 MiB,921 MiB,0 B,0 B
2026-06-04 16:28:00,2.79 GiB,27.0 MiB,0 B,430 MiB,2.95 GiB,350 MiB,920 MiB,0 B,0 B
2026-06-04 16:28:30,2.79 GiB,27.0 MiB,0 B,430 MiB,2.95 GiB,350 MiB,920 MiB,0 B,0 B
2026-06-04 16:29:00,2.78 GiB,26.9 MiB,0 B,430 MiB,2.96 GiB,350 MiB,923 MiB,0 B,0 B
2026-06-04 16:29:30,2.78 GiB,27.0 MiB,0 B,430 MiB,2.96 GiB,350 MiB,925 MiB,0 B,0 B
2026-06-04 16:30:00,2.84 GiB,27.1 MiB,0 B,430 MiB,2.96 GiB,351 MiB,859 MiB,0 B,0 B
2026-06-04 16:30:30,2.85 GiB,27.0 MiB,0 B,430 MiB,2.96 GiB,351 MiB,849 MiB,0 B,0 B
2026-06-04 16:31:00,2.89 GiB,27.0 MiB,0 B,430 MiB,2.96 GiB,351 MiB,807 MiB,0 B,0 B
2026-06-04 16:31:30,2.90 GiB,27.1 MiB,0 B,430 MiB,2.96 GiB,351 MiB,800 MiB,0 B,0 B
2026-06-04 16:32:00,2.91 GiB,27.0 MiB,0 B,431 MiB,2.96 GiB,351 MiB,785 MiB,0 B,0 B
2026-06-04 16:32:30,2.89 GiB,27.0 MiB,0 B,431 MiB,2.96 GiB,351 MiB,802 MiB,0 B,0 B
2026-06-04 16:33:00,2.94 GiB,27.0 MiB,0 B,431 MiB,2.96 GiB,351 MiB,756 MiB,0 B,0 B
2026-06-04 16:33:30,2.94 GiB,27.0 MiB,0 B,431 MiB,2.96 GiB,352 MiB,749 MiB,0 B,0 B
2026-06-04 16:34:00,2.96 GiB,27.0 MiB,0 B,431 MiB,2.96 GiB,352 MiB,736 MiB,0 B,0 B
2026-06-04 16:34:30,2.97 GiB,27.0 MiB,0 B,431 MiB,2.96 GiB,352 MiB,719 MiB,0 B,0 B
2026-06-04 16:35:00,2.89 GiB,27.2 MiB,0 B,431 MiB,2.96 GiB,352 MiB,801 MiB,0 B,0 B
2026-06-04 16:35:30,2.89 GiB,27.1 MiB,0 B,431 MiB,2.96 GiB,352 MiB,797 MiB,0 B,0 B
2026-06-04 16:36:00,2.89 GiB,27.2 MiB,0 B,431 MiB,2.96 GiB,352 MiB,802 MiB,0 B,0 B
2026-06-04 16:36:30,2.94 GiB,27.1 MiB,0 B,431 MiB,2.97 GiB,353 MiB,745 MiB,0 B,0 B
2026-06-04 16:37:00,2.86 GiB,27.0 MiB,0 B,431 MiB,2.97 GiB,353 MiB,832 MiB,0 B,0 B
2026-06-04 16:37:30,2.87 GiB,27.1 MiB,0 B,432 MiB,2.97 GiB,353 MiB,816 MiB,0 B,0 B
2026-06-04 16:38:00,2.87 GiB,27.0 MiB,0 B,432 MiB,2.97 GiB,354 MiB,813 MiB,0 B,0 B
2026-06-04 16:38:30,2.86 GiB,27.1 MiB,0 B,432 MiB,2.97 GiB,354 MiB,828 MiB,0 B,0 B
2026-06-04 16:39:00,2.84 GiB,27.2 MiB,0 B,432 MiB,2.97 GiB,354 MiB,848 MiB,0 B,0 B
2026-06-04 16:39:30,2.81 GiB,26.9 MiB,0 B,432 MiB,2.97 GiB,354 MiB,871 MiB,0 B,0 B
2026-06-04 16:40:00,2.82 GiB,27.1 MiB,0 B,432 MiB,2.97 GiB,354 MiB,862 MiB,0 B,0 B
2026-06-04 16:40:30,2.81 GiB,26.9 MiB,0 B,432 MiB,2.97 GiB,354 MiB,870 MiB,0 B,0 B
2026-06-04 16:41:00,2.81 GiB,27.3 MiB,0 B,432 MiB,2.97 GiB,355 MiB,870 MiB,0 B,0 B
2026-06-04 16:41:30,2.79 GiB,27.1 MiB,0 B,433 MiB,2.97 GiB,355 MiB,896 MiB,0 B,0 B
2026-06-04 16:42:00,2.79 GiB,27.4 MiB,0 B,433 MiB,2.97 GiB,355 MiB,887 MiB,0 B,0 B
2026-06-04 16:42:30,2.80 GiB,27.1 MiB,0 B,433 MiB,2.97 GiB,355 MiB,878 MiB,0 B,0 B
2026-06-04 16:43:00,2.79 GiB,27.1 MiB,0 B,433 MiB,2.97 GiB,355 MiB,894 MiB,0 B,0 B
2026-06-04 16:43:30,2.76 GiB,27.1 MiB,0 B,433 MiB,2.97 GiB,355 MiB,922 MiB,0 B,0 B
2026-06-04 16:44:00,2.76 GiB,27.2 MiB,0 B,433 MiB,2.97 GiB,355 MiB,918 MiB,0 B,0 B
2026-06-04 16:44:30,2.76 GiB,27.1 MiB,0 B,433 MiB,2.97 GiB,356 MiB,914 MiB,0 B,0 B
2026-06-04 16:45:00,2.92 GiB,27.1 MiB,0 B,433 MiB,2.97 GiB,356 MiB,754 MiB,0 B,0 B
2026-06-04 16:45:30,2.92 GiB,27.2 MiB,0 B,433 MiB,2.98 GiB,356 MiB,754 MiB,0 B,0 B
2026-06-04 16:46:00,2.92 GiB,27.2 MiB,0 B,433 MiB,2.98 GiB,356 MiB,756 MiB,0 B,0 B
2026-06-04 16:46:30,2.91 GiB,27.2 MiB,0 B,433 MiB,2.98 GiB,356 MiB,757 MiB,0 B,0 B
2026-06-04 16:47:00,2.86 GiB,27.3 MiB,0 B,433 MiB,2.98 GiB,356 MiB,808 MiB,0 B,0 B
2026-06-04 16:47:30,2.87 GiB,27.2 MiB,0 B,433 MiB,2.98 GiB,357 MiB,803 MiB,0 B,0 B
2026-06-04 16:48:00,2.77 GiB,27.1 MiB,0 B,434 MiB,2.98 GiB,357 MiB,902 MiB,0 B,0 B
2026-06-04 16:48:30,2.77 GiB,27.3 MiB,0 B,434 MiB,2.98 GiB,357 MiB,904 MiB,0 B,0 B
2026-06-04 16:49:00,2.77 GiB,27.2 MiB,0 B,434 MiB,2.98 GiB,357 MiB,900 MiB,0 B,0 B
2026-06-04 16:49:30,2.77 GiB,27.2 MiB,0 B,434 MiB,2.98 GiB,357 MiB,898 MiB,0 B,0 B
2026-06-04 16:50:00,2.77 GiB,27.2 MiB,0 B,434 MiB,2.98 GiB,357 MiB,896 MiB,0 B,0 B
2026-06-04 16:50:30,2.78 GiB,27.2 MiB,0 B,434 MiB,2.98 GiB,358 MiB,883 MiB,0 B,0 B
2026-06-04 16:51:00,2.79 GiB,27.2 MiB,0 B,434 MiB,2.98 GiB,358 MiB,875 MiB,0 B,0 B
2026-06-04 16:51:30,2.79 GiB,27.2 MiB,0 B,434 MiB,2.98 GiB,358 MiB,871 MiB,0 B,0 B
2026-06-04 16:52:00,2.78 GiB,27.2 MiB,0 B,434 MiB,2.98 GiB,358 MiB,886 MiB,0 B,0 B
2026-06-04 16:52:30,2.79 GiB,27.2 MiB,0 B,435 MiB,2.98 GiB,358 MiB,873 MiB,0 B,0 B
2026-06-04 16:53:00,2.83 GiB,27.2 MiB,0 B,435 MiB,2.99 GiB,359 MiB,833 MiB,0 B,0 B
2026-06-04 16:53:30,2.83 GiB,27.3 MiB,0 B,435 MiB,2.99 GiB,359 MiB,831 MiB,0 B,0 B
2026-06-04 16:54:00,2.83 GiB,27.2 MiB,0 B,435 MiB,2.99 GiB,359 MiB,831 MiB,0 B,0 B
2026-06-04 16:54:30,2.84 GiB,27.2 MiB,0 B,435 MiB,2.99 GiB,359 MiB,822 MiB,0 B,0 B
2026-06-04 16:55:00,2.83 GiB,27.2 MiB,0 B,435 MiB,2.99 GiB,360 MiB,823 MiB,0 B,0 B
2026-06-04 16:55:30,2.83 GiB,27.2 MiB,0 B,435 MiB,2.99 GiB,360 MiB,830 MiB,0 B,0 B
2026-06-04 16:56:00,2.82 GiB,27.3 MiB,0 B,435 MiB,2.99 GiB,360 MiB,831 MiB,0 B,0 B
2026-06-04 16:56:30,2.82 GiB,27.2 MiB,0 B,435 MiB,2.99 GiB,360 MiB,834 MiB,0 B,0 B
2026-06-04 16:57:00,2.82 GiB,27.2 MiB,0 B,435 MiB,2.99 GiB,360 MiB,835 MiB,0 B,0 B
2026-06-04 16:57:30,2.81 GiB,27.4 MiB,0 B,435 MiB,2.99 GiB,360 MiB,839 MiB,0 B,0 B
2026-06-04 16:58:00,2.82 GiB,27.3 MiB,0 B,435 MiB,2.99 GiB,360 MiB,837 MiB,0 B,0 B
2026-06-04 16:58:30,2.82 GiB,27.3 MiB,0 B,436 MiB,2.99 GiB,361 MiB,833 MiB,0 B,0 B
2026-06-04 16:59:00,2.82 GiB,27.4 MiB,0 B,436 MiB,2.99 GiB,361 MiB,832 MiB,0 B,0 B
2026-06-04 16:59:30,2.76 GiB,27.2 MiB,0 B,436 MiB,2.99 GiB,361 MiB,888 MiB,0 B,0 B
2026-06-04 17:00:00,2.78 GiB,27.2 MiB,0 B,436 MiB,2.99 GiB,361 MiB,870 MiB,0 B,0 B
2026-06-04 17:00:30,2.78 GiB,27.2 MiB,0 B,436 MiB,2.99 GiB,361 MiB,868 MiB,0 B,0 B
2026-06-04 17:01:00,2.79 GiB,27.2 MiB,0 B,436 MiB,2.99 GiB,361 MiB,860 MiB,0 B,0 B
2026-06-04 17:01:30,2.80 GiB,27.3 MiB,0 B,436 MiB,3.00 GiB,362 MiB,839 MiB,0 B,0 B
2026-06-04 17:02:00,2.79 GiB,27.4 MiB,0 B,436 MiB,3.00 GiB,362 MiB,852 MiB,0 B,0 B
2026-06-04 17:02:30,2.80 GiB,27.4 MiB,0 B,436 MiB,3.00 GiB,362 MiB,838 MiB,0 B,0 B
2026-06-04 17:03:00,2.80 GiB,27.2 MiB,0 B,437 MiB,3.00 GiB,362 MiB,841 MiB,0 B,0 B
2026-06-04 17:03:30,2.81 GiB,27.2 MiB,0 B,437 MiB,3.00 GiB,362 MiB,830 MiB,0 B,0 B
2026-06-04 17:04:00,2.81 GiB,27.3 MiB,0 B,437 MiB,3.00 GiB,362 MiB,826 MiB,0 B,0 B
2026-06-04 17:04:30,2.80 GiB,27.4 MiB,0 B,437 MiB,3.00 GiB,363 MiB,836 MiB,0 B,0 B
2026-06-04 17:05:00,2.80 GiB,27.3 MiB,0 B,437 MiB,3.01 GiB,363 MiB,830 MiB,0 B,0 B
2026-06-04 17:05:30,2.82 GiB,27.2 MiB,0 B,437 MiB,3.01 GiB,363 MiB,817 MiB,0 B,0 B
2026-06-04 17:06:00,2.81 GiB,27.2 MiB,0 B,437 MiB,3.01 GiB,363 MiB,823 MiB,0 B,0 B
2026-06-04 17:06:30,2.82 GiB,27.2 MiB,0 B,437 MiB,3.01 GiB,363 MiB,813 MiB,0 B,0 B
2026-06-04 17:07:00,2.82 GiB,27.2 MiB,0 B,437 MiB,3.01 GiB,363 MiB,810 MiB,0 B,0 B
2026-06-04 17:07:30,2.82 GiB,27.2 MiB,0 B,437 MiB,3.01 GiB,363 MiB,814 MiB,0 B,0 B
2026-06-04 17:08:00,2.82 GiB,27.2 MiB,0 B,437 MiB,3.01 GiB,364 MiB,806 MiB,0 B,0 B
2026-06-04 17:08:30,2.82 GiB,27.2 MiB,0 B,438 MiB,3.01 GiB,364 MiB,812 MiB,0 B,0 B
2026-06-04 17:09:00,2.82 GiB,27.3 MiB,0 B,438 MiB,3.01 GiB,364 MiB,805 MiB,0 B,0 B
2026-06-04 17:09:30,2.79 GiB,27.3 MiB,0 B,438 MiB,3.01 GiB,364 MiB,838 MiB,0 B,0 B
2026-06-04 17:10:00,2.86 GiB,27.3 MiB,0 B,438 MiB,3.01 GiB,365 MiB,759 MiB,0 B,0 B
2026-06-04 17:10:30,2.87 GiB,27.3 MiB,0 B,438 MiB,3.01 GiB,365 MiB,752 MiB,0 B,0 B
2026-06-04 17:11:00,2.87 GiB,27.3 MiB,0 B,438 MiB,3.01 GiB,365 MiB,751 MiB,0 B,0 B
2026-06-04 17:11:30,2.87 GiB,27.3 MiB,0 B,438 MiB,3.01 GiB,365 MiB,751 MiB,0 B,0 B
2026-06-04 17:12:00,2.85 GiB,27.3 MiB,0 B,438 MiB,3.01 GiB,365 MiB,769 MiB,0 B,0 B
2026-06-04 17:12:30,2.79 GiB,27.2 MiB,0 B,438 MiB,3.01 GiB,366 MiB,834 MiB,0 B,0 B
2026-06-04 17:13:00,2.78 GiB,27.3 MiB,0 B,438 MiB,3.02 GiB,366 MiB,836 MiB,0 B,0 B
2026-06-04 17:13:30,2.79 GiB,27.2 MiB,0 B,438 MiB,3.02 GiB,366 MiB,832 MiB,0 B,0 B
2026-06-04 17:14:00,2.80 GiB,27.5 MiB,0 B,438 MiB,3.02 GiB,366 MiB,818 MiB,0 B,0 B
2026-06-04 17:14:30,2.81 GiB,27.4 MiB,0 B,439 MiB,3.02 GiB,366 MiB,811 MiB,0 B,0 B
2026-06-04 17:15:00,2.83 GiB,27.3 MiB,0 B,439 MiB,3.02 GiB,366 MiB,783 MiB,0 B,0 B
2026-06-04 17:15:30,2.84 GiB,27.4 MiB,0 B,439 MiB,3.02 GiB,367 MiB,777 MiB,0 B,0 B
2026-06-04 17:16:00,2.83 GiB,27.4 MiB,0 B,439 MiB,3.02 GiB,367 MiB,779 MiB,0 B,0 B
2026-06-04 17:16:30,2.83 GiB,27.4 MiB,0 B,439 MiB,3.02 GiB,367 MiB,778 MiB,0 B,0 B
2026-06-04 17:17:00,2.82 GiB,27.3 MiB,0 B,439 MiB,3.02 GiB,367 MiB,792 MiB,0 B,0 B
2026-06-04 17:17:30,2.81 GiB,27.4 MiB,0 B,439 MiB,3.02 GiB,367 MiB,802 MiB,0 B,0 B
2026-06-04 17:18:00,2.81 GiB,27.4 MiB,0 B,439 MiB,3.02 GiB,367 MiB,796 MiB,0 B,0 B
2026-06-04 17:18:30,2.82 GiB,27.4 MiB,0 B,440 MiB,3.02 GiB,368 MiB,793 MiB,0 B,0 B
2026-06-04 17:19:00,2.76 GiB,27.4 MiB,0 B,439 MiB,3.02 GiB,368 MiB,851 MiB,0 B,0 B
2026-06-04 17:19:30,2.76 GiB,27.4 MiB,0 B,440 MiB,3.02 GiB,368 MiB,850 MiB,0 B,0 B
2026-06-04 17:20:00,2.78 GiB,27.4 MiB,0 B,440 MiB,3.02 GiB,368 MiB,826 MiB,0 B,0 B
2026-06-04 17:20:30,2.79 GiB,27.6 MiB,0 B,440 MiB,3.02 GiB,368 MiB,815 MiB,0 B,0 B
2026-06-04 17:21:00,2.81 GiB,27.5 MiB,0 B,440 MiB,3.02 GiB,368 MiB,797 MiB,0 B,0 B
2026-06-04 17:21:30,2.82 GiB,27.5 MiB,0 B,440 MiB,3.02 GiB,368 MiB,786 MiB,0 B,0 B
2026-06-04 17:22:00,2.82 GiB,27.4 MiB,0 B,440 MiB,3.03 GiB,369 MiB,785 MiB,0 B,0 B
2026-06-04 17:22:30,2.82 GiB,27.5 MiB,0 B,440 MiB,3.03 GiB,369 MiB,786 MiB,0 B,0 B
2026-06-04 17:23:00,2.81 GiB,27.5 MiB,0 B,440 MiB,3.03 GiB,369 MiB,793 MiB,0 B,0 B
2026-06-04 17:23:30,2.81 GiB,27.3 MiB,0 B,440 MiB,3.03 GiB,369 MiB,787 MiB,0 B,0 B
2026-06-04 17:24:00,2.81 GiB,27.4 MiB,0 B,440 MiB,3.03 GiB,369 MiB,790 MiB,0 B,0 B
2026-06-04 17:24:30,2.81 GiB,27.4 MiB,0 B,440 MiB,3.03 GiB,369 MiB,788 MiB,0 B,0 B
2026-06-04 17:25:00,2.82 GiB,27.4 MiB,0 B,440 MiB,3.03 GiB,370 MiB,780 MiB,0 B,0 B
2026-06-04 17:25:30,2.83 GiB,27.4 MiB,0 B,441 MiB,3.03 GiB,370 MiB,773 MiB,0 B,0 B
2026-06-04 17:26:00,2.84 GiB,27.4 MiB,0 B,441 MiB,3.03 GiB,370 MiB,754 MiB,0 B,0 B
2026-06-04 17:26:30,2.90 GiB,27.4 MiB,0 B,441 MiB,3.03 GiB,371 MiB,696 MiB,0 B,0 B
2026-06-04 17:27:00,2.89 GiB,27.4 MiB,0 B,441 MiB,3.03 GiB,371 MiB,705 MiB,0 B,0 B
2026-06-04 17:27:30,2.91 GiB,27.4 MiB,0 B,441 MiB,3.03 GiB,371 MiB,683 MiB,0 B,0 B
2026-06-04 17:28:00,2.93 GiB,27.5 MiB,0 B,441 MiB,3.03 GiB,371 MiB,655 MiB,0 B,0 B
2026-06-04 17:28:30,2.94 GiB,27.5 MiB,0 B,441 MiB,3.03 GiB,371 MiB,645 MiB,0 B,0 B
2026-06-04 17:29:00,2.94 GiB,27.5 MiB,0 B,441 MiB,3.03 GiB,372 MiB,645 MiB,0 B,0 B
2026-06-04 17:29:30,2.95 GiB,27.5 MiB,0 B,442 MiB,3.03 GiB,372 MiB,639 MiB,0 B,0 B
2026-06-04 17:30:00,2.92 GiB,27.5 MiB,0 B,442 MiB,3.04 GiB,372 MiB,670 MiB,0 B,0 B
2026-06-04 17:30:30,2.85 GiB,27.4 MiB,0 B,442 MiB,3.04 GiB,372 MiB,733 MiB,0 B,0 B
2026-06-04 17:31:00,2.85 GiB,27.4 MiB,0 B,442 MiB,3.04 GiB,372 MiB,735 MiB,0 B,0 B
2026-06-04 17:31:30,2.84 GiB,27.4 MiB,0 B,442 MiB,3.04 GiB,372 MiB,742 MiB,0 B,0 B
2026-06-04 17:32:00,2.85 GiB,27.6 MiB,0 B,442 MiB,3.04 GiB,372 MiB,734 MiB,0 B,0 B
2026-06-04 17:32:30,2.85 GiB,27.3 MiB,0 B,442 MiB,3.04 GiB,373 MiB,739 MiB,0 B,0 B
2026-06-04 17:33:00,2.81 GiB,27.5 MiB,0 B,442 MiB,3.04 GiB,373 MiB,779 MiB,0 B,0 B
2026-06-04 17:33:30,2.81 GiB,27.5 MiB,0 B,442 MiB,3.04 GiB,373 MiB,777 MiB,0 B,0 B
2026-06-04 17:34:00,2.81 GiB,27.5 MiB,0 B,442 MiB,3.04 GiB,373 MiB,776 MiB,0 B,0 B
2026-06-04 17:34:30,2.80 GiB,27.5 MiB,0 B,442 MiB,3.04 GiB,373 MiB,783 MiB,0 B,0 B
2026-06-04 17:35:00,2.86 GiB,27.5 MiB,0 B,442 MiB,3.04 GiB,373 MiB,723 MiB,0 B,0 B
2026-06-04 17:35:30,2.87 GiB,27.5 MiB,0 B,443 MiB,3.04 GiB,373 MiB,713 MiB,0 B,0 B
2026-06-04 17:36:00,2.86 GiB,27.4 MiB,0 B,443 MiB,3.04 GiB,374 MiB,716 MiB,0 B,0 B
2026-06-04 17:36:30,2.85 GiB,27.4 MiB,0 B,443 MiB,3.04 GiB,374 MiB,732 MiB,0 B,0 B
2026-06-04 17:37:00,2.84 GiB,27.7 MiB,0 B,443 MiB,3.04 GiB,374 MiB,736 MiB,0 B,0 B
2026-06-04 17:37:30,2.85 GiB,27.3 MiB,0 B,443 MiB,3.04 GiB,374 MiB,722 MiB,0 B,0 B
2026-06-04 17:38:00,2.85 GiB,27.5 MiB,0 B,443 MiB,3.04 GiB,374 MiB,723 MiB,0 B,0 B
2026-06-04 17:38:30,2.82 GiB,27.4 MiB,0 B,443 MiB,3.04 GiB,374 MiB,753 MiB,0 B,0 B
2026-06-04 17:39:00,2.82 GiB,27.5 MiB,0 B,443 MiB,3.05 GiB,375 MiB,754 MiB,0 B,0 B
2026-06-04 17:39:30,2.83 GiB,27.5 MiB,0 B,444 MiB,3.05 GiB,375 MiB,747 MiB,0 B,0 B
2026-06-04 17:40:00,2.84 GiB,27.4 MiB,0 B,444 MiB,3.05 GiB,375 MiB,733 MiB,0 B,0 B
2026-06-04 17:40:30,2.82 GiB,27.5 MiB,0 B,444 MiB,3.05 GiB,375 MiB,748 MiB,0 B,0 B
2026-06-04 17:41:00,2.83 GiB,27.5 MiB,0 B,444 MiB,3.05 GiB,375 MiB,734 MiB,0 B,0 B
2026-06-04 17:41:30,2.83 GiB,27.4 MiB,0 B,444 MiB,3.06 GiB,376 MiB,731 MiB,0 B,0 B
2026-06-04 17:42:00,2.83 GiB,27.4 MiB,0 B,445 MiB,3.06 GiB,376 MiB,729 MiB,0 B,0 B
2026-06-04 17:42:30,2.84 GiB,27.5 MiB,0 B,445 MiB,3.06 GiB,376 MiB,710 MiB,0 B,0 B
2026-06-04 17:43:00,2.89 GiB,27.5 MiB,0 B,445 MiB,3.06 GiB,377 MiB,658 MiB,0 B,0 B
2026-06-04 17:43:30,2.90 GiB,27.6 MiB,0 B,445 MiB,3.06 GiB,377 MiB,652 MiB,0 B,0 B
2026-06-04 17:44:00,2.89 GiB,27.6 MiB,0 B,445 MiB,3.06 GiB,377 MiB,656 MiB,0 B,0 B
2026-06-04 17:44:30,2.89 GiB,27.6 MiB,0 B,445 MiB,3.06 GiB,377 MiB,656 MiB,0 B,0 B
2026-06-04 17:45:00,2.89 GiB,27.6 MiB,0 B,445 MiB,3.06 GiB,377 MiB,662 MiB,0 B,0 B
2026-06-04 17:45:30,2.90 GiB,27.6 MiB,0 B,445 MiB,3.06 GiB,377 MiB,648 MiB,0 B,0 B
2026-06-04 17:46:00,2.90 GiB,27.6 MiB,0 B,445 MiB,3.07 GiB,377 MiB,651 MiB,0 B,0 B
2026-06-04 17:46:30,2.88 GiB,28.0 MiB,0 B,446 MiB,3.07 GiB,379 MiB,655 MiB,0 B,0 B
2026-06-04 17:47:00,2.89 GiB,27.6 MiB,0 B,447 MiB,3.07 GiB,379 MiB,648 MiB,0 B,0 B
2026-06-04 17:47:30,2.89 GiB,27.6 MiB,0 B,447 MiB,3.07 GiB,380 MiB,648 MiB,0 B,0 B
2026-06-04 17:48:00,2.89 GiB,27.6 MiB,0 B,447 MiB,3.07 GiB,380 MiB,647 MiB,0 B,0 B
2026-06-04 17:48:30,3.01 GiB,27.6 MiB,0 B,447 MiB,3.07 GiB,380 MiB,518 MiB,0 B,0 B
2026-06-04 17:49:00,3.09 GiB,27.6 MiB,0 B,448 MiB,3.07 GiB,380 MiB,435 MiB,0 B,0 B
2026-06-04 17:49:30,3.14 GiB,27.6 MiB,0 B,448 MiB,3.07 GiB,380 MiB,390 MiB,0 B,0 B
2026-06-04 17:50:00,3.17 GiB,27.7 MiB,0 B,448 MiB,3.07 GiB,382 MiB,351 MiB,0 B,0 B
2026-06-04 17:50:30,3.15 GiB,27.7 MiB,0 B,448 MiB,3.07 GiB,382 MiB,379 MiB,0 B,0 B
2026-06-04 17:51:00,3.16 GiB,27.7 MiB,0 B,448 MiB,3.07 GiB,382 MiB,361 MiB,0 B,0 B
2026-06-04 17:51:30,3.18 GiB,27.9 MiB,0 B,448 MiB,3.08 GiB,382 MiB,346 MiB,0 B,0 B
2026-06-04 17:52:00,3.16 GiB,27.7 MiB,0 B,448 MiB,3.08 GiB,383 MiB,361 MiB,0 B,0 B
2026-06-04 17:52:30,3.17 GiB,27.8 MiB,0 B,449 MiB,3.08 GiB,384 MiB,345 MiB,0 B,0 B
2026-06-04 17:53:00,3.14 GiB,27.5 MiB,0 B,449 MiB,3.08 GiB,386 MiB,376 MiB,0 B,0 B
2026-06-04 17:53:30,2.88 GiB,27.4 MiB,0 B,449 MiB,3.08 GiB,388 MiB,639 MiB,0 B,0 B
2026-06-04 17:54:00,2.82 GiB,26.8 MiB,0 B,439 MiB,3.08 GiB,390 MiB,716 MiB,0 B,0 B
2026-06-04 17:54:30,2.81 GiB,26.6 MiB,0 B,439 MiB,3.07 GiB,391 MiB,731 MiB,0 B,0 B
2026-06-04 17:55:00,2.88 GiB,26.6 MiB,0 B,438 MiB,3.05 GiB,393 MiB,674 MiB,0 B,0 B
2026-06-04 17:55:30,2.85 GiB,27.1 MiB,0 B,438 MiB,3.05 GiB,394 MiB,708 MiB,0 B,0 B
2026-06-04 17:56:00,2.72 GiB,26.5 MiB,0 B,438 MiB,3.05 GiB,395 MiB,838 MiB,0 B,0 B
2026-06-04 17:56:30,2.70 GiB,26.2 MiB,0 B,437 MiB,3.02 GiB,397 MiB,891 MiB,0 B,0 B
2026-06-04 17:57:00,2.68 GiB,26.1 MiB,0 B,436 MiB,3.00 GiB,397 MiB,922 MiB,0 B,0 B
2026-06-04 17:57:30,2.66 GiB,25.6 MiB,0 B,436 MiB,3.00 GiB,398 MiB,944 MiB,0 B,0 B
2026-06-04 17:58:00,2.68 GiB,26.1 MiB,0 B,436 MiB,3.02 GiB,399 MiB,912 MiB,0 B,0 B
2026-06-04 17:58:30,2.66 GiB,26.2 MiB,0 B,436 MiB,3.02 GiB,400 MiB,928 MiB,0 B,0 B
2026-06-04 17:59:00,2.72 GiB,25.3 MiB,0 B,436 MiB,3.02 GiB,401 MiB,863 MiB,0 B,0 B
2026-06-04 17:59:30,2.73 GiB,25.5 MiB,0 B,436 MiB,3.02 GiB,402 MiB,848 MiB,0 B,0 B
2026-06-04 18:00:00,2.73 GiB,24.8 MiB,0 B,435 MiB,3.01 GiB,404 MiB,861 MiB,0 B,0 B
2026-06-04 18:00:30,2.72 GiB,24.5 MiB,0 B,435 MiB,3.01 GiB,404 MiB,876 MiB,0 B,0 B
2026-06-04 18:01:00,2.69 GiB,23.8 MiB,0 B,435 MiB,3.01 GiB,405 MiB,908 MiB,0 B,0 B
2026-06-04 18:01:30,2.72 GiB,24.7 MiB,0 B,435 MiB,3.02 GiB,406 MiB,861 MiB,0 B,0 B
2026-06-04 18:02:00,2.58 GiB,24.5 MiB,0 B,435 MiB,3.02 GiB,407 MiB,1001 MiB,0 B,0 B
2026-06-04 18:02:30,2.58 GiB,24.3 MiB,0 B,435 MiB,3.03 GiB,407 MiB,994 MiB,0 B,0 B
2026-06-04 18:03:00,2.57 GiB,24.4 MiB,0 B,435 MiB,3.03 GiB,408 MiB,1005 MiB,0 B,0 B
2026-06-04 18:03:30,2.62 GiB,24.2 MiB,0 B,435 MiB,3.02 GiB,408 MiB,962 MiB,0 B,0 B
2026-06-04 18:04:00,2.62 GiB,24.2 MiB,0 B,435 MiB,3.02 GiB,409 MiB,957 MiB,0 B,0 B
2026-06-04 18:04:30,2.61 GiB,24.4 MiB,0 B,435 MiB,3.02 GiB,409 MiB,968 MiB,0 B,0 B
2026-06-04 18:05:00,2.61 GiB,24.9 MiB,0 B,435 MiB,3.02 GiB,409 MiB,965 MiB,0 B,0 B
2026-06-04 18:05:30,2.65 GiB,25.2 MiB,0 B,435 MiB,3.02 GiB,410 MiB,923 MiB,0 B,0 B
2026-06-04 18:06:00,2.70 GiB,25.8 MiB,0 B,435 MiB,3.02 GiB,411 MiB,873 MiB,0 B,0 B
2026-06-04 18:06:30,2.60 GiB,25.0 MiB,0 B,435 MiB,3.02 GiB,412 MiB,977 MiB,0 B,0 B
2026-06-04 18:07:00,2.56 GiB,24.3 MiB,0 B,435 MiB,3.02 GiB,412 MiB,1021 MiB,0 B,0 B
2026-06-04 18:07:30,2.59 GiB,24.7 MiB,0 B,435 MiB,3.02 GiB,413 MiB,987 MiB,0 B,0 B
2026-06-04 18:08:00,2.59 GiB,25.1 MiB,0 B,435 MiB,3.02 GiB,413 MiB,982 MiB,0 B,0 B
2026-06-04 18:08:30,2.59 GiB,25.3 MiB,0 B,435 MiB,3.04 GiB,414 MiB,971 MiB,0 B,0 B
2026-06-04 18:09:00,2.56 GiB,24.5 MiB,0 B,435 MiB,3.04 GiB,414 MiB,992 MiB,0 B,0 B
2026-06-04 18:09:30,2.57 GiB,24.6 MiB,0 B,435 MiB,3.04 GiB,415 MiB,980 MiB,0 B,0 B
2026-06-04 18:10:00,2.61 GiB,24.7 MiB,0 B,435 MiB,3.04 GiB,415 MiB,949 MiB,0 B,0 B
2026-06-04 18:10:30,2.62 GiB,24.1 MiB,0 B,435 MiB,3.04 GiB,416 MiB,936 MiB,0 B,0 B
2026-06-04 18:11:00,2.75 GiB,24.7 MiB,0 B,435 MiB,3.04 GiB,416 MiB,795 MiB,0 B,0 B
2026-06-04 18:11:30,2.79 GiB,24.5 MiB,0 B,435 MiB,3.03 GiB,417 MiB,770 MiB,0 B,0 B
2026-06-04 18:12:00,2.89 GiB,25.6 MiB,0 B,435 MiB,3.03 GiB,418 MiB,668 MiB,0 B,0 B
2026-06-04 18:12:30,2.87 GiB,25.0 MiB,0 B,436 MiB,3.03 GiB,418 MiB,685 MiB,0 B,0 B
2026-06-04 18:13:00,2.89 GiB,24.7 MiB,0 B,435 MiB,3.03 GiB,419 MiB,667 MiB,0 B,0 B
2026-06-04 18:13:30,2.86 GiB,24.3 MiB,0 B,435 MiB,3.03 GiB,419 MiB,693 MiB,0 B,0 B
2026-06-04 18:14:00,2.83 GiB,23.9 MiB,0 B,435 MiB,3.03 GiB,420 MiB,730 MiB,0 B,0 B
2026-06-04 18:14:30,2.82 GiB,24.4 MiB,0 B,435 MiB,3.03 GiB,421 MiB,736 MiB,0 B,0 B
2026-06-04 18:15:00,2.90 GiB,24.6 MiB,0 B,435 MiB,3.03 GiB,421 MiB,651 MiB,0 B,0 B
2026-06-04 18:15:30,2.89 GiB,24.0 MiB,0 B,435 MiB,3.03 GiB,423 MiB,655 MiB,0 B,0 B
2026-06-04 18:16:00,2.89 GiB,24.1 MiB,0 B,435 MiB,3.03 GiB,423 MiB,655 MiB,0 B,0 B
2026-06-04 18:16:30,2.90 GiB,24.4 MiB,0 B,435 MiB,3.05 GiB,424 MiB,631 MiB,0 B,0 B
2026-06-04 18:17:00,2.90 GiB,24.2 MiB,0 B,435 MiB,3.05 GiB,425 MiB,628 MiB,0 B,0 B
2026-06-04 18:17:30,2.72 GiB,24.5 MiB,0 B,435 MiB,3.05 GiB,425 MiB,804 MiB,0 B,0 B
2026-06-04 18:18:00,2.74 GiB,24.8 MiB,0 B,435 MiB,3.05 GiB,426 MiB,793 MiB,0 B,0 B
2026-06-04 18:18:30,2.75 GiB,25.1 MiB,0 B,435 MiB,3.04 GiB,427 MiB,793 MiB,0 B,0 B
2026-06-04 18:19:00,2.75 GiB,25.1 MiB,0 B,435 MiB,3.04 GiB,427 MiB,787 MiB,0 B,0 B
2026-06-04 18:19:30,2.63 GiB,25.1 MiB,0 B,435 MiB,3.04 GiB,428 MiB,912 MiB,0 B,0 B
2026-06-04 18:20:00,2.63 GiB,23.9 MiB,0 B,436 MiB,3.04 GiB,429 MiB,906 MiB,0 B,0 B
2026-06-04 18:20:30,2.69 GiB,24.2 MiB,0 B,436 MiB,3.04 GiB,430 MiB,846 MiB,0 B,0 B
2026-06-04 18:21:00,2.68 GiB,24.1 MiB,0 B,436 MiB,3.04 GiB,430 MiB,860 MiB,0 B,0 B
2026-06-04 18:21:30,2.65 GiB,23.7 MiB,0 B,436 MiB,3.04 GiB,430 MiB,893 MiB,0 B,0 B
2026-06-04 18:22:00,2.66 GiB,23.9 MiB,0 B,436 MiB,3.04 GiB,430 MiB,875 MiB,0 B,0 B
2026-06-04 18:22:30,2.63 GiB,23.9 MiB,0 B,436 MiB,3.04 GiB,433 MiB,905 MiB,0 B,0 B
2026-06-04 18:23:00,2.63 GiB,24.0 MiB,0 B,436 MiB,3.05 GiB,434 MiB,903 MiB,0 B,0 B
2026-06-04 18:23:30,2.64 GiB,24.2 MiB,0 B,436 MiB,3.05 GiB,435 MiB,892 MiB,0 B,0 B
2026-06-04 18:24:00,2.65 GiB,24.6 MiB,0 B,436 MiB,3.06 GiB,435 MiB,868 MiB,0 B,0 B
2026-06-04 18:24:30,2.69 GiB,24.9 MiB,0 B,436 MiB,3.06 GiB,435 MiB,821 MiB,0 B,0 B
2026-06-04 18:25:00,2.76 GiB,26.3 MiB,0 B,436 MiB,3.06 GiB,437 MiB,747 MiB,0 B,0 B
2026-06-04 18:25:30,2.79 GiB,26.6 MiB,0 B,437 MiB,3.07 GiB,437 MiB,708 MiB,0 B,0 B
2026-06-04 18:26:00,2.78 GiB,25.7 MiB,0 B,437 MiB,3.07 GiB,438 MiB,716 MiB,0 B,0 B
2026-06-04 18:26:30,2.83 GiB,26.7 MiB,0 B,438 MiB,3.07 GiB,438 MiB,660 MiB,0 B,0 B
2026-06-04 18:27:00,2.82 GiB,26.3 MiB,0 B,439 MiB,3.07 GiB,439 MiB,665 MiB,0 B,0 B
2026-06-04 18:27:30,2.83 GiB,26.5 MiB,0 B,439 MiB,3.07 GiB,439 MiB,659 MiB,0 B,0 B
2026-06-04 18:28:00,2.83 GiB,26.4 MiB,0 B,439 MiB,3.07 GiB,440 MiB,653 MiB,0 B,0 B
2026-06-04 18:28:30,2.83 GiB,26.7 MiB,0 B,439 MiB,3.07 GiB,440 MiB,652 MiB,0 B,0 B
2026-06-04 18:29:00,2.84 GiB,26.7 MiB,0 B,439 MiB,3.07 GiB,440 MiB,647 MiB,0 B,0 B
2026-06-04 18:29:30,2.83 GiB,26.8 MiB,0 B,439 MiB,3.08 GiB,440 MiB,649 MiB,0 B,0 B
2026-06-04 18:30:00,2.83 GiB,26.5 MiB,0 B,439 MiB,3.08 GiB,440 MiB,652 MiB,0 B,0 B
2026-06-04 18:30:30,2.84 GiB,26.6 MiB,0 B,439 MiB,3.08 GiB,440 MiB,644 MiB,0 B,0 B
2026-06-04 18:31:00,2.86 GiB,27.0 MiB,0 B,439 MiB,3.08 GiB,441 MiB,622 MiB,0 B,0 B
2026-06-04 18:31:30,2.86 GiB,27.2 MiB,0 B,440 MiB,3.08 GiB,441 MiB,619 MiB,0 B,0 B
2026-06-04 18:32:00,2.85 GiB,27.4 MiB,0 B,440 MiB,3.08 GiB,441 MiB,624 MiB,0 B,0 B
2026-06-04 18:32:30,2.95 GiB,27.4 MiB,0 B,440 MiB,3.08 GiB,442 MiB,519 MiB,0 B,0 B
2026-06-04 18:33:00,2.94 GiB,27.4 MiB,0 B,440 MiB,3.09 GiB,443 MiB,524 MiB,0 B,0 B
2026-06-04 18:33:30,2.95 GiB,27.3 MiB,0 B,440 MiB,3.09 GiB,444 MiB,515 MiB,0 B,0 B
2026-06-04 18:34:00,3.02 GiB,27.3 MiB,0 B,440 MiB,3.09 GiB,444 MiB,444 MiB,0 B,0 B
2026-06-04 18:34:30,3.02 GiB,27.4 MiB,0 B,440 MiB,3.09 GiB,444 MiB,434 MiB,0 B,0 B
2026-06-04 18:35:00,3.14 GiB,27.4 MiB,0 B,440 MiB,3.09 GiB,444 MiB,311 MiB,0 B,0 B
2026-06-04 18:35:30,3.12 GiB,27.4 MiB,0 B,440 MiB,3.09 GiB,444 MiB,334 MiB,0 B,0 B
2026-06-04 18:36:00,3.11 GiB,27.3 MiB,0 B,440 MiB,3.09 GiB,444 MiB,349 MiB,0 B,0 B
2026-06-04 18:36:30,3.11 GiB,27.4 MiB,0 B,440 MiB,3.09 GiB,444 MiB,348 MiB,0 B,0 B
2026-06-04 18:37:00,3.00 GiB,27.6 MiB,0 B,440 MiB,3.09 GiB,444 MiB,457 MiB,0 B,0 B
2026-06-04 18:37:30,2.96 GiB,27.3 MiB,0 B,440 MiB,3.09 GiB,445 MiB,492 MiB,0 B,0 B
2026-06-04 18:38:00,2.97 GiB,27.3 MiB,0 B,440 MiB,3.09 GiB,445 MiB,485 MiB,0 B,0 B
2026-06-04 18:38:30,2.97 GiB,27.4 MiB,0 B,440 MiB,3.09 GiB,445 MiB,481 MiB,0 B,0 B
2026-06-04 18:39:00,2.96 GiB,27.4 MiB,0 B,440 MiB,3.09 GiB,445 MiB,498 MiB,0 B,0 B
2026-06-04 18:39:30,2.80 GiB,27.5 MiB,0 B,441 MiB,3.09 GiB,445 MiB,652 MiB,0 B,0 B
2026-06-04 18:40:00,2.91 GiB,27.5 MiB,0 B,441 MiB,3.09 GiB,445 MiB,540 MiB,0 B,0 B
2026-06-04 18:40:30,2.91 GiB,27.5 MiB,0 B,441 MiB,3.10 GiB,445 MiB,544 MiB,0 B,0 B
2026-06-04 18:41:00,2.91 GiB,27.5 MiB,0 B,441 MiB,3.10 GiB,445 MiB,543 MiB,0 B,0 B
2026-06-04 18:41:30,2.92 GiB,27.5 MiB,0 B,441 MiB,3.10 GiB,446 MiB,528 MiB,0 B,0 B
2026-06-04 18:42:00,2.93 GiB,27.6 MiB,0 B,441 MiB,3.10 GiB,446 MiB,516 MiB,0 B,0 B
2026-06-04 18:42:30,2.88 GiB,27.6 MiB,0 B,441 MiB,3.10 GiB,446 MiB,572 MiB,0 B,0 B
2026-06-04 18:43:00,2.89 GiB,27.4 MiB,0 B,441 MiB,3.10 GiB,446 MiB,558 MiB,0 B,0 B
2026-06-04 18:43:30,2.89 GiB,27.4 MiB,0 B,441 MiB,3.10 GiB,446 MiB,555 MiB,0 B,0 B
2026-06-04 18:44:00,2.89 GiB,27.5 MiB,0 B,441 MiB,3.10 GiB,446 MiB,557 MiB,0 B,0 B
2026-06-04 18:44:30,2.90 GiB,27.4 MiB,0 B,441 MiB,3.10 GiB,446 MiB,550 MiB,0 B,0 B
2026-06-04 18:45:00,2.95 GiB,27.8 MiB,0 B,442 MiB,3.10 GiB,446 MiB,499 MiB,0 B,0 B
2026-06-04 18:45:30,2.95 GiB,27.2 MiB,0 B,441 MiB,3.10 GiB,446 MiB,496 MiB,0 B,0 B
2026-06-04 18:46:00,2.96 GiB,27.5 MiB,0 B,442 MiB,3.10 GiB,447 MiB,485 MiB,0 B,0 B
2026-06-04 18:46:30,2.87 GiB,27.5 MiB,0 B,442 MiB,3.10 GiB,447 MiB,576 MiB,0 B,0 B
2026-06-04 18:47:00,2.86 GiB,27.5 MiB,0 B,442 MiB,3.10 GiB,447 MiB,579 MiB,0 B,0 B
2026-06-04 18:47:30,2.80 GiB,27.5 MiB,0 B,442 MiB,3.10 GiB,447 MiB,642 MiB,0 B,0 B
2026-06-04 18:48:00,2.82 GiB,27.7 MiB,0 B,442 MiB,3.10 GiB,447 MiB,628 MiB,0 B,0 B
2026-06-04 18:48:30,2.83 GiB,27.6 MiB,0 B,442 MiB,3.10 GiB,447 MiB,615 MiB,0 B,0 B
2026-06-04 18:49:00,2.83 GiB,27.7 MiB,0 B,442 MiB,3.10 GiB,447 MiB,609 MiB,0 B,0 B
2026-06-04 18:49:30,2.82 GiB,27.5 MiB,0 B,442 MiB,3.10 GiB,447 MiB,618 MiB,0 B,0 B
2026-06-04 18:50:00,2.97 GiB,27.6 MiB,0 B,442 MiB,3.11 GiB,448 MiB,464 MiB,0 B,0 B
2026-06-04 18:50:30,2.98 GiB,27.5 MiB,0 B,442 MiB,3.11 GiB,448 MiB,456 MiB,0 B,0 B
2026-06-04 18:51:00,2.97 GiB,27.4 MiB,0 B,442 MiB,3.11 GiB,448 MiB,460 MiB,0 B,0 B
2026-06-04 18:51:30,2.96 GiB,27.6 MiB,0 B,442 MiB,3.11 GiB,448 MiB,473 MiB,0 B,0 B
2026-06-04 18:52:00,2.95 GiB,27.6 MiB,0 B,443 MiB,3.11 GiB,449 MiB,477 MiB,0 B,0 B
2026-06-04 18:52:30,2.89 GiB,27.6 MiB,0 B,443 MiB,3.11 GiB,449 MiB,544 MiB,0 B,0 B
2026-06-04 18:53:00,2.89 GiB,27.6 MiB,0 B,443 MiB,3.11 GiB,449 MiB,547 MiB,0 B,0 B
2026-06-04 18:53:30,2.88 GiB,27.6 MiB,0 B,443 MiB,3.11 GiB,449 MiB,548 MiB,0 B,0 B
2026-06-04 18:54:00,2.87 GiB,27.6 MiB,0 B,443 MiB,3.11 GiB,449 MiB,557 MiB,0 B,0 B
2026-06-04 18:54:30,2.83 GiB,27.6 MiB,0 B,443 MiB,3.11 GiB,449 MiB,603 MiB,0 B,0 B
2026-06-04 18:55:00,2.84 GiB,27.6 MiB,0 B,443 MiB,3.11 GiB,449 MiB,594 MiB,0 B,0 B
2026-06-04 18:55:30,2.84 GiB,27.6 MiB,0 B,443 MiB,3.11 GiB,449 MiB,592 MiB,0 B,0 B
2026-06-04 18:56:00,2.83 GiB,27.6 MiB,0 B,443 MiB,3.11 GiB,449 MiB,598 MiB,0 B,0 B
2026-06-04 18:56:30,2.84 GiB,27.6 MiB,0 B,443 MiB,3.11 GiB,449 MiB,591 MiB,0 B,0 B
2026-06-04 18:57:00,2.83 GiB,27.6 MiB,0 B,443 MiB,3.11 GiB,449 MiB,593 MiB,0 B,0 B
2026-06-04 18:57:30,2.84 GiB,27.6 MiB,0 B,443 MiB,3.12 GiB,449 MiB,590 MiB,0 B,0 B
2026-06-04 18:58:00,2.83 GiB,27.6 MiB,0 B,443 MiB,3.12 GiB,449 MiB,598 MiB,0 B,0 B
2026-06-04 18:58:30,2.83 GiB,27.6 MiB,0 B,443 MiB,3.12 GiB,449 MiB,593 MiB,0 B,0 B
2026-06-04 18:59:00,2.84 GiB,27.6 MiB,0 B,443 MiB,3.12 GiB,449 MiB,584 MiB,0 B,0 B
2026-06-04 18:59:30,2.85 GiB,27.6 MiB,0 B,444 MiB,3.12 GiB,449 MiB,576 MiB,0 B,0 B
2026-06-04 19:00:00,2.90 GiB,27.6 MiB,0 B,444 MiB,3.12 GiB,449 MiB,523 MiB,0 B,0 B
2026-06-04 19:00:30,2.92 GiB,27.6 MiB,0 B,444 MiB,3.12 GiB,449 MiB,500 MiB,0 B,0 B
2026-06-04 19:01:00,2.91 GiB,27.6 MiB,0 B,444 MiB,3.12 GiB,449 MiB,502 MiB,0 B,0 B
2026-06-04 19:01:30,2.93 GiB,27.6 MiB,0 B,444 MiB,3.13 GiB,449 MiB,476 MiB,0 B,0 B
2026-06-04 19:02:00,2.84 GiB,27.7 MiB,0 B,445 MiB,3.13 GiB,449 MiB,564 MiB,0 B,0 B
2026-06-04 19:02:30,2.85 GiB,27.9 MiB,0 B,445 MiB,3.13 GiB,449 MiB,558 MiB,0 B,0 B
2026-06-04 19:03:00,2.86 GiB,27.7 MiB,0 B,445 MiB,3.14 GiB,449 MiB,547 MiB,0 B,0 B
2026-06-04 19:03:30,2.85 GiB,27.7 MiB,0 B,445 MiB,3.14 GiB,449 MiB,551 MiB,0 B,0 B
2026-06-04 19:04:00,2.84 GiB,27.7 MiB,0 B,445 MiB,3.14 GiB,449 MiB,560 MiB,0 B,0 B
2026-06-04 19:04:30,2.88 GiB,27.7 MiB,0 B,445 MiB,3.14 GiB,449 MiB,524 MiB,0 B,0 B
2026-06-04 19:05:00,2.99 GiB,27.7 MiB,0 B,445 MiB,3.14 GiB,449 MiB,414 MiB,0 B,0 B
2026-06-04 19:05:30,3.01 GiB,27.7 MiB,0 B,445 MiB,3.14 GiB,449 MiB,391 MiB,0 B,0 B
2026-06-04 19:06:00,3.01 GiB,27.7 MiB,0 B,445 MiB,3.14 GiB,449 MiB,384 MiB,0 B,0 B
2026-06-04 19:06:30,3.11 GiB,27.7 MiB,0 B,445 MiB,3.14 GiB,449 MiB,283 MiB,0 B,0 B
2026-06-04 19:07:00,3.09 GiB,27.6 MiB,0 B,445 MiB,3.14 GiB,449 MiB,302 MiB,0 B,0 B
2026-06-04 19:07:30,3.10 GiB,27.8 MiB,0 B,445 MiB,3.14 GiB,449 MiB,290 MiB,0 B,0 B
2026-06-04 19:08:00,3.10 GiB,27.8 MiB,0 B,445 MiB,3.14 GiB,449 MiB,287 MiB,0 B,0 B
2026-06-04 19:08:30,3.08 GiB,27.8 MiB,0 B,445 MiB,3.14 GiB,449 MiB,309 MiB,0 B,0 B
2026-06-04 19:09:00,2.92 GiB,27.7 MiB,0 B,446 MiB,3.14 GiB,449 MiB,472 MiB,0 B,0 B
2026-06-04 19:09:30,2.92 GiB,27.7 MiB,0 B,446 MiB,3.14 GiB,449 MiB,468 MiB,0 B,0 B
2026-06-04 19:10:00,2.94 GiB,27.7 MiB,0 B,446 MiB,3.14 GiB,449 MiB,450 MiB,0 B,0 B
2026-06-04 19:10:30,2.94 GiB,27.7 MiB,0 B,446 MiB,3.15 GiB,449 MiB,448 MiB,0 B,0 B
2026-06-04 19:11:00,2.86 GiB,27.7 MiB,0 B,446 MiB,3.15 GiB,449 MiB,532 MiB,0 B,0 B
2026-06-04 19:11:30,2.86 GiB,27.7 MiB,0 B,446 MiB,3.15 GiB,449 MiB,534 MiB,0 B,0 B
2026-06-04 19:12:00,2.85 GiB,27.7 MiB,0 B,446 MiB,3.15 GiB,449 MiB,540 MiB,0 B,0 B
2026-06-04 19:12:30,2.86 GiB,27.7 MiB,0 B,446 MiB,3.15 GiB,449 MiB,529 MiB,0 B,0 B
2026-06-04 19:13:00,2.85 GiB,27.7 MiB,0 B,446 MiB,3.15 GiB,449 MiB,544 MiB,0 B,0 B
2026-06-04 19:13:30,2.86 GiB,27.7 MiB,0 B,446 MiB,3.15 GiB,449 MiB,533 MiB,0 B,0 B
2026-06-04 19:14:00,2.86 GiB,27.7 MiB,0 B,446 MiB,3.15 GiB,449 MiB,528 MiB,0 B,0 B
2026-06-04 19:14:30,2.85 GiB,27.8 MiB,0 B,446 MiB,3.15 GiB,449 MiB,536 MiB,0 B,0 B
2026-06-04 19:15:00,2.85 GiB,27.8 MiB,0 B,446 MiB,3.15 GiB,449 MiB,539 MiB,0 B,0 B
2026-06-04 19:15:30,2.86 GiB,27.8 MiB,0 B,446 MiB,3.15 GiB,449 MiB,527 MiB,0 B,0 B
2026-06-04 19:16:00,2.86 GiB,27.7 MiB,0 B,446 MiB,3.15 GiB,449 MiB,522 MiB,0 B,0 B
2026-06-04 19:16:30,2.86 GiB,27.8 MiB,0 B,447 MiB,3.15 GiB,449 MiB,527 MiB,0 B,0 B
2026-06-04 19:17:00,2.87 GiB,27.8 MiB,0 B,447 MiB,3.15 GiB,449 MiB,517 MiB,0 B,0 B
2026-06-04 19:17:30,2.87 GiB,27.8 MiB,0 B,447 MiB,3.15 GiB,449 MiB,516 MiB,0 B,0 B
2026-06-04 19:18:00,2.87 GiB,27.8 MiB,0 B,447 MiB,3.15 GiB,449 MiB,510 MiB,0 B,0 B
2026-06-04 19:18:30,2.88 GiB,28.0 MiB,0 B,447 MiB,3.15 GiB,449 MiB,505 MiB,0 B,0 B
2026-06-04 19:19:00,2.87 GiB,27.8 MiB,0 B,447 MiB,3.16 GiB,449 MiB,506 MiB,0 B,0 B
2026-06-04 19:19:30,2.87 GiB,27.8 MiB,0 B,447 MiB,3.16 GiB,449 MiB,503 MiB,0 B,0 B
2026-06-04 19:20:00,2.89 GiB,27.8 MiB,0 B,447 MiB,3.16 GiB,449 MiB,488 MiB,0 B,0 B
2026-06-04 19:20:30,2.89 GiB,27.8 MiB,0 B,447 MiB,3.16 GiB,449 MiB,482 MiB,0 B,0 B
2026-06-04 19:21:00,2.89 GiB,27.8 MiB,0 B,447 MiB,3.16 GiB,449 MiB,479 MiB,0 B,0 B
2026-06-04 19:21:30,2.89 GiB,27.8 MiB,0 B,447 MiB,3.16 GiB,449 MiB,476 MiB,0 B,0 B
2026-06-04 19:22:00,2.84 GiB,27.8 MiB,0 B,447 MiB,3.16 GiB,449 MiB,531 MiB,0 B,0 B
2026-06-04 19:22:30,2.86 GiB,27.7 MiB,0 B,448 MiB,3.17 GiB,449 MiB,511 MiB,0 B,0 B
2026-06-04 19:23:00,2.91 GiB,28 MiB,0 B,448 MiB,3.17 GiB,449 MiB,461 MiB,0 B,0 B
2026-06-04 19:23:30,2.91 GiB,27.9 MiB,0 B,448 MiB,3.17 GiB,449 MiB,460 MiB,0 B,0 B
2026-06-04 19:24:00,2.91 GiB,27.9 MiB,0 B,448 MiB,3.17 GiB,449 MiB,457 MiB,0 B,0 B
2026-06-04 19:24:30,2.91 GiB,27.8 MiB,0 B,448 MiB,3.17 GiB,449 MiB,452 MiB,0 B,0 B
2026-06-04 19:25:00,2.95 GiB,27.8 MiB,0 B,448 MiB,3.17 GiB,449 MiB,413 MiB,0 B,0 B
2026-06-04 19:25:30,2.95 GiB,27.8 MiB,0 B,448 MiB,3.17 GiB,449 MiB,409 MiB,0 B,0 B
2026-06-04 19:26:00,2.95 GiB,27.8 MiB,0 B,448 MiB,3.17 GiB,449 MiB,409 MiB,0 B,0 B
2026-06-04 19:26:30,2.95 GiB,27.8 MiB,0 B,448 MiB,3.17 GiB,449 MiB,411 MiB,0 B,0 B
2026-06-04 19:27:00,2.92 GiB,27.8 MiB,0 B,448 MiB,3.17 GiB,449 MiB,439 MiB,0 B,0 B
2026-06-04 19:27:30,2.83 GiB,27.8 MiB,0 B,448 MiB,3.17 GiB,449 MiB,529 MiB,0 B,0 B
2026-06-04 19:28:00,2.83 GiB,27.9 MiB,0 B,448 MiB,3.17 GiB,449 MiB,529 MiB,0 B,0 B
2026-06-04 19:28:30,2.84 GiB,27.8 MiB,0 B,448 MiB,3.17 GiB,449 MiB,518 MiB,0 B,0 B
2026-06-04 19:29:00,2.83 GiB,27.7 MiB,0 B,449 MiB,3.17 GiB,449 MiB,526 MiB,0 B,0 B
2026-06-04 19:29:30,2.84 GiB,27.8 MiB,0 B,449 MiB,3.18 GiB,449 MiB,516 MiB,0 B,0 B
2026-06-04 19:30:00,2.88 GiB,27.8 MiB,0 B,449 MiB,3.18 GiB,449 MiB,477 MiB,0 B,0 B
2026-06-04 19:30:30,2.88 GiB,27.9 MiB,0 B,449 MiB,3.18 GiB,449 MiB,479 MiB,0 B,0 B
2026-06-04 19:31:00,2.88 GiB,27.9 MiB,0 B,449 MiB,3.18 GiB,449 MiB,474 MiB,0 B,0 B
2026-06-04 19:31:30,2.84 GiB,27.9 MiB,0 B,449 MiB,3.18 GiB,449 MiB,512 MiB,0 B,0 B
2026-06-04 19:32:00,2.92 GiB,27.8 MiB,0 B,449 MiB,3.18 GiB,449 MiB,439 MiB,0 B,0 B
2026-06-04 19:32:30,2.89 GiB,27.9 MiB,0 B,449 MiB,3.18 GiB,449 MiB,463 MiB,0 B,0 B
2026-06-04 19:33:00,2.89 GiB,27.9 MiB,0 B,450 MiB,3.18 GiB,449 MiB,460 MiB,0 B,0 B
2026-06-04 19:33:30,2.88 GiB,27.9 MiB,0 B,450 MiB,3.18 GiB,449 MiB,475 MiB,0 B,0 B
2026-06-04 19:34:00,2.86 GiB,27.9 MiB,0 B,450 MiB,3.18 GiB,449 MiB,496 MiB,0 B,0 B
2026-06-04 19:34:30,2.84 GiB,27.9 MiB,0 B,450 MiB,3.18 GiB,449 MiB,510 MiB,0 B,0 B
2026-06-04 19:35:00,2.86 GiB,27.9 MiB,0 B,450 MiB,3.18 GiB,449 MiB,494 MiB,0 B,0 B
2026-06-04 19:35:30,2.89 GiB,28.0 MiB,0 B,450 MiB,3.18 GiB,449 MiB,460 MiB,0 B,0 B
2026-06-04 19:36:00,2.89 GiB,28.0 MiB,0 B,450 MiB,3.18 GiB,449 MiB,461 MiB,0 B,0 B
2026-06-04 19:36:30,2.89 GiB,27.8 MiB,0 B,450 MiB,3.18 GiB,449 MiB,455 MiB,0 B,0 B
2026-06-04 19:37:00,2.90 GiB,27.8 MiB,0 B,450 MiB,3.18 GiB,449 MiB,454 MiB,0 B,0 B
2026-06-04 19:37:30,2.85 GiB,27.9 MiB,0 B,450 MiB,3.18 GiB,449 MiB,496 MiB,0 B,0 B
2026-06-04 19:38:00,2.84 GiB,27.9 MiB,0 B,450 MiB,3.18 GiB,449 MiB,513 MiB,0 B,0 B
2026-06-04 19:38:30,2.84 GiB,27.8 MiB,0 B,450 MiB,3.18 GiB,449 MiB,512 MiB,0 B,0 B
2026-06-04 19:39:00,2.85 GiB,28.0 MiB,0 B,450 MiB,3.19 GiB,449 MiB,502 MiB,0 B,0 B
2026-06-04 19:39:30,2.84 GiB,27.7 MiB,0 B,450 MiB,3.19 GiB,449 MiB,504 MiB,0 B,0 B
2026-06-04 19:40:00,2.95 GiB,27.9 MiB,0 B,450 MiB,3.19 GiB,449 MiB,392 MiB,0 B,0 B
2026-06-04 19:40:30,2.94 GiB,28.0 MiB,0 B,450 MiB,3.19 GiB,449 MiB,396 MiB,0 B,0 B
2026-06-04 19:41:00,2.94 GiB,27.9 MiB,0 B,451 MiB,3.19 GiB,449 MiB,396 MiB,0 B,0 B
2026-06-04 19:41:30,2.95 GiB,27.9 MiB,0 B,451 MiB,3.19 GiB,449 MiB,391 MiB,0 B,0 B
2026-06-04 19:42:00,2.93 GiB,28.1 MiB,0 B,451 MiB,3.19 GiB,449 MiB,409 MiB,0 B,0 B
2026-06-04 19:42:30,2.93 GiB,27.9 MiB,0 B,451 MiB,3.19 GiB,449 MiB,403 MiB,0 B,0 B
2026-06-04 19:43:00,2.87 GiB,27.8 MiB,0 B,451 MiB,3.19 GiB,449 MiB,470 MiB,0 B,0 B
2026-06-04 19:43:30,2.87 GiB,27.9 MiB,0 B,451 MiB,3.19 GiB,449 MiB,473 MiB,0 B,0 B
2026-06-04 19:44:00,2.87 GiB,27.6 MiB,0 B,508 MiB,3.19 GiB,491 MiB,367 MiB,0 B,0 B
2026-06-04 19:44:30,2.89 GiB,28.0 MiB,0 B,511 MiB,3.19 GiB,491 MiB,351 MiB,0 B,0 B
2026-06-04 19:45:00,2.93 GiB,28.0 MiB,0 B,511 MiB,3.19 GiB,491 MiB,307 MiB,0 B,0 B
2026-06-04 19:45:30,2.92 GiB,28.0 MiB,0 B,511 MiB,3.19 GiB,491 MiB,312 MiB,0 B,0 B
2026-06-04 19:46:00,2.92 GiB,28.0 MiB,0 B,511 MiB,3.20 GiB,491 MiB,312 MiB,0 B,0 B
2026-06-04 19:46:30,2.93 GiB,28.0 MiB,0 B,511 MiB,3.20 GiB,491 MiB,307 MiB,0 B,0 B
2026-06-04 19:47:00,2.89 GiB,27.9 MiB,0 B,511 MiB,3.20 GiB,491 MiB,343 MiB,0 B,0 B
2026-06-04 19:47:30,2.90 GiB,28.0 MiB,0 B,511 MiB,3.20 GiB,491 MiB,334 MiB,0 B,0 B
2026-06-04 19:48:00,2.90 GiB,28.0 MiB,0 B,511 MiB,3.20 GiB,491 MiB,336 MiB,0 B,0 B
2026-06-04 19:48:30,2.89 GiB,28.0 MiB,0 B,511 MiB,3.20 GiB,491 MiB,340 MiB,0 B,0 B
2026-06-04 19:49:00,2.90 GiB,27.9 MiB,0 B,511 MiB,3.20 GiB,491 MiB,331 MiB,0 B,0 B
2026-06-04 19:49:30,2.91 GiB,28.0 MiB,0 B,511 MiB,3.20 GiB,491 MiB,323 MiB,0 B,0 B
2026-06-04 19:50:00,2.92 GiB,27.9 MiB,0 B,511 MiB,3.20 GiB,491 MiB,305 MiB,0 B,0 B
2026-06-04 19:50:30,2.92 GiB,28.0 MiB,0 B,512 MiB,3.20 GiB,491 MiB,305 MiB,0 B,0 B
2026-06-04 19:51:00,2.93 GiB,27.9 MiB,0 B,512 MiB,3.20 GiB,492 MiB,299 MiB,0 B,0 B
2026-06-04 19:51:30,2.92 GiB,28.0 MiB,0 B,512 MiB,3.20 GiB,492 MiB,301 MiB,0 B,0 B
2026-06-04 19:52:00,2.91 GiB,27.8 MiB,0 B,512 MiB,3.20 GiB,492 MiB,313 MiB,0 B,0 B
2026-06-04 19:52:30,2.92 GiB,28.0 MiB,0 B,512 MiB,3.20 GiB,492 MiB,307 MiB,0 B,0 B
2026-06-04 19:53:00,2.92 GiB,28.0 MiB,0 B,512 MiB,3.20 GiB,492 MiB,308 MiB,0 B,0 B
2026-06-04 19:53:30,2.92 GiB,28.0 MiB,0 B,512 MiB,3.20 GiB,492 MiB,306 MiB,0 B,0 B
2026-06-04 19:54:00,2.92 GiB,28.0 MiB,0 B,512 MiB,3.20 GiB,492 MiB,297 MiB,0 B,0 B
2026-06-04 19:54:30,2.93 GiB,27.9 MiB,0 B,512 MiB,3.20 GiB,492 MiB,292 MiB,0 B,0 B
2026-06-04 19:55:00,2.99 GiB,28.2 MiB,0 B,513 MiB,3.20 GiB,493 MiB,228 MiB,0 B,0 B
2026-06-04 19:55:30,2.99 GiB,28.3 MiB,0 B,513 MiB,3.21 GiB,493 MiB,223 MiB,0 B,0 B
2026-06-04 19:56:00,3.85 GiB,35.0 MiB,0 B,513 MiB,2.45 GiB,493 MiB,113 MiB,1.01 MiB,0 B
2026-06-04 19:56:30,4.28 GiB,35.5 MiB,0 B,428 MiB,1.76 GiB,495 MiB,469 MiB,1.76 MiB,0 B
2026-06-04 19:57:00,3.70 GiB,31.5 MiB,0 B,420 MiB,1.96 GiB,498 MiB,860 MiB,1.76 MiB,0 B
2026-06-04 19:57:30,3.81 GiB,31.2 MiB,0 B,420 MiB,1.98 GiB,499 MiB,727 MiB,1.76 MiB,0 B
2026-06-04 19:58:00,3.75 GiB,31.6 MiB,0 B,420 MiB,2.02 GiB,501 MiB,748 MiB,1.76 MiB,0 B
2026-06-04 19:58:30,3.54 GiB,31.2 MiB,0 B,420 MiB,2.02 GiB,501 MiB,964 MiB,1.76 MiB,0 B
2026-06-04 19:59:00,3.34 GiB,30.7 MiB,0 B,420 MiB,2.00 GiB,502 MiB,1.15 GiB,1.76 MiB,0 B
2026-06-04 19:59:30,3.11 GiB,30.3 MiB,0 B,420 MiB,2.03 GiB,503 MiB,1.36 GiB,1.76 MiB,0 B
2026-06-04 20:00:00,3.41 GiB,30.8 MiB,0 B,420 MiB,2.02 GiB,504 MiB,1.07 GiB,1.76 MiB,0 B
2026-06-04 20:00:30,3.18 GiB,30.2 MiB,0 B,420 MiB,2.04 GiB,505 MiB,1.27 GiB,1.76 MiB,0 B
2026-06-04 20:01:00,3.20 GiB,30.3 MiB,0 B,420 MiB,2.04 GiB,506 MiB,1.25 GiB,1.76 MiB,0 B
2026-06-04 20:01:30,3.16 GiB,30.7 MiB,0 B,420 MiB,2.05 GiB,506 MiB,1.28 GiB,1.76 MiB,0 B
2026-06-04 20:02:00,3.24 GiB,29.9 MiB,0 B,420 MiB,2.06 GiB,507 MiB,1.19 GiB,1.76 MiB,0 B
2026-06-04 20:02:30,3.18 GiB,29.6 MiB,0 B,420 MiB,2.07 GiB,507 MiB,1.24 GiB,1.76 MiB,0 B
2026-06-04 20:03:00,2.97 GiB,29.5 MiB,0 B,420 MiB,2.07 GiB,507 MiB,1.45 GiB,1.76 MiB,0 B
2026-06-04 20:03:30,3.17 GiB,29.8 MiB,0 B,420 MiB,2.07 GiB,507 MiB,1.25 GiB,1.76 MiB,0 B
2026-06-04 20:04:00,2.93 GiB,29.6 MiB,0 B,420 MiB,2.07 GiB,507 MiB,1.50 GiB,1.76 MiB,0 B
2026-06-04 20:04:30,3.12 GiB,29.6 MiB,0 B,420 MiB,2.07 GiB,507 MiB,1.30 GiB,1.76 MiB,0 B
2026-06-04 20:05:00,3.01 GiB,29.6 MiB,0 B,420 MiB,2.07 GiB,508 MiB,1.41 GiB,1.76 MiB,0 B
2026-06-04 20:05:30,2.90 GiB,29.6 MiB,0 B,420 MiB,2.07 GiB,508 MiB,1.52 GiB,1.76 MiB,0 B
2026-06-04 20:06:00,2.99 GiB,29.7 MiB,0 B,420 MiB,2.08 GiB,508 MiB,1.43 GiB,1.76 MiB,0 B
2026-06-04 20:06:30,2.85 GiB,29.3 MiB,0 B,420 MiB,2.08 GiB,508 MiB,1.57 GiB,1.76 MiB,0 B
2026-06-04 20:07:00,3.01 GiB,30.0 MiB,0 B,420 MiB,2.08 GiB,508 MiB,1.40 GiB,1.76 MiB,0 B
2026-06-04 20:07:30,2.86 GiB,29.2 MiB,0 B,420 MiB,2.08 GiB,508 MiB,1.56 GiB,1.76 MiB,0 B
2026-06-04 20:08:00,3.02 GiB,29.7 MiB,0 B,420 MiB,2.08 GiB,508 MiB,1.39 GiB,1.76 MiB,0 B
2026-06-04 20:08:30,2.89 GiB,29.5 MiB,0 B,420 MiB,2.08 GiB,509 MiB,1.52 GiB,1.76 MiB,0 B
2026-06-04 20:09:00,2.95 GiB,29.8 MiB,0 B,420 MiB,2.08 GiB,509 MiB,1.46 GiB,1.76 MiB,0 B
2026-06-04 20:09:30,3.10 GiB,29.8 MiB,0 B,420 MiB,2.08 GiB,509 MiB,1.30 GiB,1.76 MiB,0 B
2026-06-04 20:10:00,3.16 GiB,30.0 MiB,0 B,420 MiB,2.08 GiB,509 MiB,1.25 GiB,1.76 MiB,0 B
2026-06-04 20:10:30,3.04 GiB,29.6 MiB,0 B,420 MiB,2.08 GiB,509 MiB,1.37 GiB,1.76 MiB,0 B
2026-06-04 20:11:00,3.15 GiB,30.0 MiB,0 B,420 MiB,2.09 GiB,509 MiB,1.25 GiB,1.76 MiB,0 B
2026-06-04 20:11:30,3.00 GiB,29.6 MiB,0 B,420 MiB,2.09 GiB,509 MiB,1.40 GiB,1.76 MiB,0 B
2026-06-04 20:12:00,3.11 GiB,30.0 MiB,0 B,420 MiB,2.09 GiB,510 MiB,1.29 GiB,1.76 MiB,0 B
2026-06-04 20:12:30,3.17 GiB,29.9 MiB,0 B,420 MiB,2.09 GiB,510 MiB,1.24 GiB,1.76 MiB,0 B
2026-06-04 20:13:00,3.12 GiB,29.7 MiB,0 B,420 MiB,2.10 GiB,510 MiB,1.28 GiB,1.76 MiB,0 B
2026-06-04 20:13:30,3.16 GiB,30.1 MiB,0 B,420 MiB,2.10 GiB,510 MiB,1.24 GiB,1.76 MiB,0 B
2026-06-04 20:14:00,3.26 GiB,30.1 MiB,0 B,420 MiB,2.09 GiB,511 MiB,1.14 GiB,1.76 MiB,0 B
2026-06-04 20:14:30,3.27 GiB,30.0 MiB,0 B,420 MiB,2.09 GiB,511 MiB,1.13 GiB,1.76 MiB,0 B
2026-06-04 20:15:00,3.19 GiB,29.7 MiB,0 B,420 MiB,2.10 GiB,511 MiB,1.20 GiB,1.76 MiB,0 B
2026-06-04 20:15:30,3.07 GiB,29.6 MiB,0 B,420 MiB,2.10 GiB,511 MiB,1.32 GiB,1.76 MiB,0 B
2026-06-04 20:16:00,3.14 GiB,29.9 MiB,0 B,420 MiB,2.10 GiB,511 MiB,1.24 GiB,1.76 MiB,0 B
2026-06-04 20:16:30,3.02 GiB,29.8 MiB,0 B,420 MiB,2.10 GiB,511 MiB,1.37 GiB,1.76 MiB,0 B
2026-06-04 20:17:00,3.10 GiB,30.1 MiB,0 B,420 MiB,2.10 GiB,512 MiB,1.29 GiB,1.76 MiB,0 B
2026-06-04 20:17:30,3.02 GiB,29.8 MiB,0 B,420 MiB,2.10 GiB,512 MiB,1.37 GiB,1.76 MiB,0 B
2026-06-04 20:18:00,3.09 GiB,30 MiB,0 B,420 MiB,2.10 GiB,512 MiB,1.30 GiB,1.76 MiB,0 B
2026-06-04 20:18:30,2.96 GiB,29.4 MiB,0 B,420 MiB,2.10 GiB,512 MiB,1.42 GiB,1.76 MiB,0 B
2026-06-04 20:19:00,3.10 GiB,30.0 MiB,0 B,420 MiB,2.10 GiB,512 MiB,1.28 GiB,1.76 MiB,0 B
2026-06-04 20:19:30,2.95 GiB,29.6 MiB,0 B,420 MiB,2.10 GiB,512 MiB,1.43 GiB,1.76 MiB,0 B
2026-06-04 20:20:00,2.91 GiB,29.7 MiB,0 B,420 MiB,2.10 GiB,513 MiB,1.47 GiB,1.76 MiB,0 B
2026-06-04 20:20:30,3.09 GiB,29.6 MiB,0 B,420 MiB,2.11 GiB,513 MiB,1.29 GiB,1.76 MiB,0 B
2026-06-04 20:21:00,3.16 GiB,30.1 MiB,0 B,420 MiB,2.10 GiB,513 MiB,1.23 GiB,1.76 MiB,0 B
2026-06-04 20:21:30,3.11 GiB,29.7 MiB,0 B,420 MiB,2.11 GiB,513 MiB,1.27 GiB,1.76 MiB,0 B
2026-06-04 20:22:00,3.15 GiB,29.8 MiB,0 B,420 MiB,2.11 GiB,513 MiB,1.23 GiB,1.76 MiB,0 B
2026-06-04 20:22:30,3.02 GiB,30.0 MiB,0 B,420 MiB,2.11 GiB,513 MiB,1.36 GiB,1.76 MiB,0 B
2026-06-04 20:23:00,3.10 GiB,30.0 MiB,0 B,420 MiB,2.11 GiB,513 MiB,1.28 GiB,1.76 MiB,0 B
2026-06-04 20:23:30,3.03 GiB,30.0 MiB,0 B,420 MiB,2.11 GiB,514 MiB,1.34 GiB,1.76 MiB,0 B
2026-06-04 20:24:00,3.10 GiB,29.9 MiB,0 B,420 MiB,2.11 GiB,514 MiB,1.27 GiB,1.76 MiB,0 B
2026-06-04 20:24:30,2.88 GiB,29.6 MiB,0 B,420 MiB,2.11 GiB,514 MiB,1.49 GiB,1.76 MiB,0 B
2026-06-04 20:25:00,3.10 GiB,29.8 MiB,0 B,421 MiB,2.11 GiB,514 MiB,1.28 GiB,1.76 MiB,0 B
2026-06-04 20:25:30,3.14 GiB,30.2 MiB,0 B,421 MiB,2.11 GiB,514 MiB,1.24 GiB,1.76 MiB,0 B
2026-06-04 20:26:00,2.90 GiB,28.2 MiB,0 B,420 MiB,2.11 GiB,515 MiB,1.48 GiB,1.76 MiB,0 B
2026-06-04 20:26:30,2.86 GiB,28.2 MiB,0 B,420 MiB,2.11 GiB,515 MiB,1.52 GiB,1.76 MiB,0 B
2026-06-04 20:27:00,2.87 GiB,28.1 MiB,0 B,420 MiB,2.11 GiB,515 MiB,1.51 GiB,1.76 MiB,0 B
2026-06-04 20:27:30,2.86 GiB,28.0 MiB,0 B,420 MiB,2.11 GiB,515 MiB,1.52 GiB,1.76 MiB,0 B
2026-06-04 20:28:00,2.94 GiB,28.2 MiB,0 B,420 MiB,2.11 GiB,515 MiB,1.44 GiB,1.76 MiB,0 B
2026-06-04 20:28:30,2.95 GiB,28.2 MiB,0 B,420 MiB,2.11 GiB,515 MiB,1.43 GiB,1.76 MiB,0 B
2026-06-04 20:29:00,2.95 GiB,28.2 MiB,0 B,420 MiB,2.11 GiB,515 MiB,1.43 GiB,1.76 MiB,0 B
2026-06-04 20:29:30,2.95 GiB,28.2 MiB,0 B,420 MiB,2.11 GiB,515 MiB,1.43 GiB,1.76 MiB,0 B
2026-06-04 20:30:00,3.11 GiB,28.2 MiB,0 B,420 MiB,2.12 GiB,516 MiB,1.26 GiB,1.76 MiB,0 B
2026-06-04 20:30:30,3.09 GiB,28.2 MiB,0 B,420 MiB,2.12 GiB,516 MiB,1.28 GiB,1.76 MiB,0 B
2026-06-04 20:31:00,3.10 GiB,28.7 MiB,0 B,420 MiB,2.12 GiB,516 MiB,1.27 GiB,1.76 MiB,0 B
2026-06-04 20:31:30,3.10 GiB,28.0 MiB,0 B,420 MiB,2.12 GiB,516 MiB,1.27 GiB,1.76 MiB,0 B
2026-06-04 20:32:00,2.87 GiB,28.3 MiB,0 B,420 MiB,2.12 GiB,516 MiB,1.49 GiB,1.76 MiB,0 B
2026-06-04 20:32:30,2.87 GiB,28.2 MiB,0 B,420 MiB,2.12 GiB,516 MiB,1.50 GiB,1.76 MiB,0 B
2026-06-04 20:33:00,2.87 GiB,28.2 MiB,0 B,420 MiB,2.12 GiB,517 MiB,1.49 GiB,1.76 MiB,0 B
2026-06-04 20:33:30,2.87 GiB,28.1 MiB,0 B,420 MiB,2.12 GiB,517 MiB,1.50 GiB,1.76 MiB,0 B
2026-06-04 20:34:00,2.85 GiB,28.3 MiB,0 B,420 MiB,2.12 GiB,517 MiB,1.51 GiB,1.76 MiB,0 B
2026-06-04 20:34:30,2.85 GiB,28.2 MiB,0 B,420 MiB,2.12 GiB,517 MiB,1.52 GiB,1.76 MiB,0 B
2026-06-04 20:35:00,2.86 GiB,28.2 MiB,0 B,420 MiB,2.12 GiB,517 MiB,1.50 GiB,1.76 MiB,0 B
2026-06-04 20:35:30,2.85 GiB,28.2 MiB,0 B,421 MiB,2.12 GiB,517 MiB,1.51 GiB,1.76 MiB,0 B
2026-06-04 20:36:00,2.85 GiB,28.2 MiB,0 B,421 MiB,2.12 GiB,517 MiB,1.51 GiB,1.76 MiB,0 B
2026-06-04 20:36:30,2.85 GiB,28.1 MiB,0 B,421 MiB,2.12 GiB,517 MiB,1.51 GiB,1.76 MiB,0 B
2026-06-04 20:37:00,2.85 GiB,28.3 MiB,0 B,421 MiB,2.12 GiB,517 MiB,1.51 GiB,1.76 MiB,0 B
2026-06-04 20:37:30,2.83 GiB,28.3 MiB,0 B,421 MiB,2.12 GiB,517 MiB,1.53 GiB,1.76 MiB,0 B
2026-06-04 20:38:00,2.83 GiB,28.4 MiB,0 B,421 MiB,2.12 GiB,518 MiB,1.53 GiB,1.76 MiB,0 B
2026-06-04 20:38:30,2.84 GiB,28.3 MiB,0 B,421 MiB,2.13 GiB,518 MiB,1.51 GiB,1.76 MiB,0 B
2026-06-04 20:39:00,2.85 GiB,28.1 MiB,0 B,421 MiB,2.13 GiB,518 MiB,1.51 GiB,1.76 MiB,0 B
2026-06-04 20:39:30,2.90 GiB,28.3 MiB,0 B,421 MiB,2.13 GiB,518 MiB,1.46 GiB,1.76 MiB,0 B
2026-06-04 20:40:00,2.96 GiB,28.2 MiB,0 B,421 MiB,2.13 GiB,518 MiB,1.40 GiB,1.76 MiB,0 B
2026-06-04 20:40:30,2.94 GiB,28.2 MiB,0 B,421 MiB,2.13 GiB,518 MiB,1.41 GiB,1.76 MiB,0 B
2026-06-04 20:41:00,2.95 GiB,28.3 MiB,0 B,421 MiB,2.13 GiB,518 MiB,1.41 GiB,1.76 MiB,0 B
2026-06-04 20:41:30,2.95 GiB,28.1 MiB,0 B,421 MiB,2.13 GiB,518 MiB,1.40 GiB,1.76 MiB,0 B
2026-06-04 20:42:00,2.86 GiB,28.2 MiB,0 B,421 MiB,2.13 GiB,518 MiB,1.49 GiB,1.76 MiB,0 B
2026-06-04 20:42:30,2.89 GiB,28.3 MiB,0 B,421 MiB,2.13 GiB,518 MiB,1.46 GiB,1.76 MiB,0 B
2026-06-04 20:43:00,2.90 GiB,28.2 MiB,0 B,421 MiB,2.13 GiB,519 MiB,1.45 GiB,1.76 MiB,0 B
2026-06-04 20:43:30,2.93 GiB,28.2 MiB,0 B,421 MiB,2.13 GiB,519 MiB,1.43 GiB,1.76 MiB,0 B
2026-06-04 20:44:00,2.92 GiB,28.3 MiB,0 B,421 MiB,2.13 GiB,519 MiB,1.43 GiB,1.76 MiB,0 B
2026-06-04 20:44:30,2.92 GiB,28.3 MiB,0 B,421 MiB,2.13 GiB,519 MiB,1.42 GiB,1.76 MiB,0 B
2026-06-04 20:45:00,2.96 GiB,28.4 MiB,0 B,421 MiB,2.13 GiB,519 MiB,1.39 GiB,1.76 MiB,0 B
2026-06-04 20:45:30,2.97 GiB,28.2 MiB,0 B,421 MiB,2.13 GiB,519 MiB,1.38 GiB,1.76 MiB,0 B
2026-06-04 20:46:00,2.97 GiB,28.3 MiB,0 B,421 MiB,2.13 GiB,519 MiB,1.38 GiB,1.76 MiB,0 B
2026-06-04 20:46:30,3.02 GiB,28.3 MiB,0 B,421 MiB,2.14 GiB,520 MiB,1.32 GiB,1.76 MiB,0 B
2026-06-04 20:47:00,2.96 GiB,28.3 MiB,0 B,421 MiB,2.14 GiB,520 MiB,1.39 GiB,1.76 MiB,0 B
2026-06-04 20:47:30,2.96 GiB,28.3 MiB,0 B,421 MiB,2.14 GiB,520 MiB,1.38 GiB,1.76 MiB,0 B
2026-06-04 20:48:00,2.96 GiB,28.3 MiB,0 B,421 MiB,2.14 GiB,520 MiB,1.38 GiB,1.76 MiB,0 B
2026-06-04 20:48:30,3.00 GiB,28.3 MiB,0 B,421 MiB,2.14 GiB,520 MiB,1.34 GiB,1.76 MiB,0 B
2026-06-04 20:49:00,2.99 GiB,28.3 MiB,0 B,422 MiB,2.14 GiB,520 MiB,1.35 GiB,1.76 MiB,0 B
2026-06-04 20:49:30,2.99 GiB,28.4 MiB,0 B,422 MiB,2.14 GiB,520 MiB,1.35 GiB,1.76 MiB,0 B
2026-06-04 20:50:00,3.01 GiB,28.2 MiB,0 B,422 MiB,2.14 GiB,521 MiB,1.33 GiB,1.76 MiB,0 B
2026-06-04 20:50:30,3.05 GiB,28.3 MiB,0 B,422 MiB,2.14 GiB,521 MiB,1.29 GiB,1.76 MiB,0 B
2026-06-04 20:51:00,3.04 GiB,28.3 MiB,0 B,422 MiB,2.14 GiB,521 MiB,1.30 GiB,1.76 MiB,0 B
2026-06-04 20:51:30,3.04 GiB,28.1 MiB,0 B,422 MiB,2.14 GiB,521 MiB,1.30 GiB,1.76 MiB,0 B
2026-06-04 20:52:00,3.04 GiB,28.4 MiB,0 B,422 MiB,2.14 GiB,521 MiB,1.29 GiB,1.76 MiB,0 B
2026-06-04 20:52:30,3.04 GiB,28.4 MiB,0 B,422 MiB,2.14 GiB,521 MiB,1.29 GiB,1.76 MiB,0 B
2026-06-04 20:53:00,2.99 GiB,28.2 MiB,0 B,422 MiB,2.15 GiB,521 MiB,1.35 GiB,1.76 MiB,0 B
2026-06-04 20:53:30,3.00 GiB,28.4 MiB,0 B,422 MiB,2.15 GiB,521 MiB,1.33 GiB,1.76 MiB,0 B
2026-06-04 20:54:00,2.86 GiB,28.4 MiB,0 B,422 MiB,2.15 GiB,521 MiB,1.47 GiB,1.76 MiB,0 B
2026-06-04 20:54:30,2.87 GiB,28.4 MiB,0 B,422 MiB,2.15 GiB,521 MiB,1.46 GiB,1.76 MiB,0 B
2026-06-04 20:55:00,2.93 GiB,28.2 MiB,0 B,422 MiB,2.15 GiB,522 MiB,1.40 GiB,1.76 MiB,0 B
2026-06-04 20:55:30,2.94 GiB,28.3 MiB,0 B,422 MiB,2.15 GiB,522 MiB,1.39 GiB,1.76 MiB,0 B
2026-06-04 20:56:00,2.97 GiB,28.3 MiB,0 B,422 MiB,2.15 GiB,522 MiB,1.36 GiB,1.76 MiB,0 B
2026-06-04 20:56:30,2.97 GiB,28.3 MiB,0 B,422 MiB,2.15 GiB,522 MiB,1.36 GiB,1.76 MiB,0 B
2026-06-04 20:57:00,2.91 GiB,28.3 MiB,0 B,422 MiB,2.15 GiB,522 MiB,1.42 GiB,1.76 MiB,0 B
2026-06-04 20:57:30,2.91 GiB,28.5 MiB,0 B,422 MiB,2.15 GiB,522 MiB,1.42 GiB,1.76 MiB,0 B
2026-06-04 20:58:00,2.92 GiB,28.4 MiB,0 B,422 MiB,2.15 GiB,522 MiB,1.41 GiB,1.76 MiB,0 B
2026-06-04 20:58:30,2.92 GiB,28.4 MiB,0 B,422 MiB,2.15 GiB,522 MiB,1.40 GiB,1.76 MiB,0 B
2026-06-04 20:59:00,2.90 GiB,28.2 MiB,0 B,422 MiB,2.15 GiB,522 MiB,1.42 GiB,1.76 MiB,0 B
2026-06-04 20:59:30,2.91 GiB,28.4 MiB,0 B,422 MiB,2.15 GiB,522 MiB,1.41 GiB,1.76 MiB,0 B
2026-06-04 21:00:00,2.96 GiB,28.3 MiB,0 B,422 MiB,2.15 GiB,523 MiB,1.37 GiB,1.76 MiB,0 B
2026-06-04 21:00:30,2.93 GiB,28.4 MiB,0 B,422 MiB,2.17 GiB,523 MiB,1.37 GiB,1.76 MiB,0 B
2026-06-04 21:01:00,2.95 GiB,28.4 MiB,0 B,422 MiB,2.17 GiB,523 MiB,1.35 GiB,1.76 MiB,0 B
2026-06-04 21:01:30,2.95 GiB,28.4 MiB,0 B,422 MiB,2.18 GiB,523 MiB,1.35 GiB,1.76 MiB,0 B
2026-06-04 21:02:00,2.95 GiB,28.4 MiB,0 B,422 MiB,2.18 GiB,523 MiB,1.34 GiB,1.76 MiB,0 B
2026-06-04 21:02:30,2.97 GiB,28.4 MiB,0 B,422 MiB,2.18 GiB,523 MiB,1.32 GiB,1.76 MiB,0 B
2026-06-04 21:03:00,3.09 GiB,28.4 MiB,0 B,422 MiB,2.19 GiB,524 MiB,1.20 GiB,1.76 MiB,0 B
2026-06-04 21:03:30,3.10 GiB,28.4 MiB,0 B,422 MiB,2.19 GiB,524 MiB,1.18 GiB,1.76 MiB,0 B
2026-06-04 21:04:00,3.12 GiB,28.4 MiB,0 B,423 MiB,2.19 GiB,524 MiB,1.17 GiB,1.76 MiB,0 B
2026-06-04 21:04:30,3.11 GiB,28.4 MiB,0 B,423 MiB,2.19 GiB,524 MiB,1.17 GiB,1.76 MiB,0 B
2026-06-04 21:05:00,3.08 GiB,28.4 MiB,0 B,423 MiB,2.19 GiB,524 MiB,1.20 GiB,1.76 MiB,0 B
2026-06-04 21:05:30,3.07 GiB,28.4 MiB,0 B,423 MiB,2.19 GiB,524 MiB,1.21 GiB,1.76 MiB,0 B
2026-06-04 21:06:00,2.98 GiB,28.4 MiB,0 B,423 MiB,2.19 GiB,525 MiB,1.30 GiB,1.76 MiB,0 B
2026-06-04 21:06:30,2.98 GiB,28.5 MiB,0 B,423 MiB,2.19 GiB,525 MiB,1.30 GiB,1.76 MiB,0 B
2026-06-04 21:07:00,2.99 GiB,28.5 MiB,0 B,423 MiB,2.19 GiB,525 MiB,1.29 GiB,1.76 MiB,0 B
2026-06-04 21:07:30,2.97 GiB,28.4 MiB,0 B,423 MiB,2.19 GiB,525 MiB,1.31 GiB,1.76 MiB,0 B
2026-06-04 21:08:00,2.98 GiB,28.4 MiB,0 B,423 MiB,2.19 GiB,525 MiB,1.30 GiB,1.76 MiB,0 B
2026-06-04 21:08:30,2.99 GiB,28.4 MiB,0 B,423 MiB,2.19 GiB,525 MiB,1.29 GiB,1.76 MiB,0 B
2026-06-04 21:09:00,2.98 GiB,28.5 MiB,0 B,423 MiB,2.19 GiB,525 MiB,1.30 GiB,1.76 MiB,0 B
2026-06-04 21:09:30,2.98 GiB,28.3 MiB,0 B,423 MiB,2.19 GiB,525 MiB,1.30 GiB,1.76 MiB,0 B
2026-06-04 21:10:00,2.98 GiB,28.5 MiB,0 B,423 MiB,2.20 GiB,525 MiB,1.30 GiB,1.76 MiB,0 B
2026-06-04 21:10:30,2.89 GiB,28.3 MiB,0 B,423 MiB,2.20 GiB,525 MiB,1.38 GiB,1.76 MiB,0 B
2026-06-04 21:11:00,2.89 GiB,28.5 MiB,0 B,423 MiB,2.20 GiB,526 MiB,1.38 GiB,1.76 MiB,0 B
2026-06-04 21:11:30,2.90 GiB,28.5 MiB,0 B,423 MiB,2.20 GiB,526 MiB,1.38 GiB,1.76 MiB,0 B
2026-06-04 21:12:00,2.89 GiB,28.5 MiB,0 B,423 MiB,2.20 GiB,526 MiB,1.38 GiB,1.76 MiB,0 B
2026-06-04 21:12:30,2.89 GiB,28.6 MiB,0 B,423 MiB,2.20 GiB,526 MiB,1.38 GiB,1.76 MiB,0 B
2026-06-04 21:13:00,2.89 GiB,28.5 MiB,0 B,423 MiB,2.20 GiB,526 MiB,1.38 GiB,1.76 MiB,0 B
2026-06-04 21:13:30,2.90 GiB,28.5 MiB,0 B,423 MiB,2.20 GiB,526 MiB,1.37 GiB,1.76 MiB,0 B
2026-06-04 21:14:00,2.87 GiB,28.5 MiB,0 B,423 MiB,2.20 GiB,526 MiB,1.41 GiB,1.76 MiB,0 B
2026-06-04 21:14:30,2.88 GiB,28.5 MiB,0 B,423 MiB,2.20 GiB,526 MiB,1.39 GiB,1.76 MiB,0 B
2026-06-04 21:15:00,2.97 GiB,28.5 MiB,0 B,423 MiB,2.20 GiB,526 MiB,1.31 GiB,1.76 MiB,0 B
2026-06-04 21:15:30,2.99 GiB,28.5 MiB,0 B,423 MiB,2.20 GiB,527 MiB,1.28 GiB,1.76 MiB,0 B
2026-06-04 21:16:00,3.01 GiB,28.5 MiB,0 B,424 MiB,2.20 GiB,527 MiB,1.26 GiB,1.76 MiB,0 B
2026-06-04 21:16:30,3.01 GiB,28.5 MiB,0 B,424 MiB,2.20 GiB,527 MiB,1.26 GiB,1.76 MiB,0 B
2026-06-04 21:17:00,3.01 GiB,28.5 MiB,0 B,424 MiB,2.21 GiB,527 MiB,1.26 GiB,1.76 MiB,0 B
2026-06-04 21:17:30,2.98 GiB,28.5 MiB,0 B,424 MiB,2.21 GiB,527 MiB,1.29 GiB,1.76 MiB,0 B
2026-06-04 21:18:00,2.94 GiB,28.5 MiB,0 B,424 MiB,2.21 GiB,527 MiB,1.32 GiB,1.76 MiB,0 B
2026-06-04 21:18:30,2.94 GiB,28.5 MiB,0 B,424 MiB,2.21 GiB,527 MiB,1.32 GiB,1.76 MiB,0 B
2026-06-04 21:19:00,2.96 GiB,28.8 MiB,0 B,424 MiB,2.21 GiB,527 MiB,1.30 GiB,1.76 MiB,0 B
2026-06-04 21:19:30,2.96 GiB,28.8 MiB,0 B,424 MiB,2.21 GiB,527 MiB,1.29 GiB,1.76 MiB,0 B
2026-06-04 21:20:00,3.10 GiB,28.8 MiB,0 B,424 MiB,2.22 GiB,528 MiB,1.15 GiB,1.76 MiB,0 B
2026-06-04 21:20:30,3.02 GiB,28.7 MiB,0 B,424 MiB,2.22 GiB,528 MiB,1.23 GiB,1.76 MiB,0 B
2026-06-04 21:21:00,2.99 GiB,28.8 MiB,0 B,424 MiB,2.22 GiB,528 MiB,1.25 GiB,1.76 MiB,0 B
2026-06-04 21:21:30,2.99 GiB,28.8 MiB,0 B,424 MiB,2.22 GiB,529 MiB,1.26 GiB,1.76 MiB,0 B
2026-06-04 21:22:00,2.98 GiB,28.7 MiB,0 B,425 MiB,2.22 GiB,529 MiB,1.26 GiB,1.76 MiB,0 B
2026-06-04 21:22:30,3.10 GiB,28.8 MiB,0 B,425 MiB,2.22 GiB,529 MiB,1.15 GiB,1.76 MiB,0 B
2026-06-04 21:23:00,2.99 GiB,28.8 MiB,0 B,425 MiB,2.22 GiB,529 MiB,1.25 GiB,1.76 MiB,0 B
2026-06-04 21:23:30,2.98 GiB,28.7 MiB,0 B,425 MiB,2.22 GiB,529 MiB,1.26 GiB,1.76 MiB,0 B
2026-06-04 21:24:00,2.98 GiB,28.8 MiB,0 B,425 MiB,2.22 GiB,529 MiB,1.26 GiB,1.76 MiB,0 B
2026-06-04 21:24:30,2.99 GiB,28.8 MiB,0 B,425 MiB,2.23 GiB,529 MiB,1.26 GiB,1.76 MiB,0 B
2026-06-04 21:25:00,3.02 GiB,28.8 MiB,0 B,425 MiB,2.23 GiB,529 MiB,1.22 GiB,1.76 MiB,0 B
2026-06-04 21:25:30,3.05 GiB,28.8 MiB,0 B,425 MiB,2.23 GiB,529 MiB,1.19 GiB,1.76 MiB,0 B